-- phpMyAdmin SQL Dump
-- version 5.2.0
-- https://www.phpmyadmin.net/
--
-- Anamakine: localhost
-- Üretim Zamanı: 07 Oca 2024, 21:10:21
-- Sunucu sürümü: 10.4.27-MariaDB
-- PHP Sürümü: 8.1.12

SET SQL_MODE = "NO_AUTO_VALUE_ON_ZERO";
START TRANSACTION;
SET time_zone = "+00:00";


/*!40101 SET @OLD_CHARACTER_SET_CLIENT=@@CHARACTER_SET_CLIENT */;
/*!40101 SET @OLD_CHARACTER_SET_RESULTS=@@CHARACTER_SET_RESULTS */;
/*!40101 SET @OLD_COLLATION_CONNECTION=@@COLLATION_CONNECTION */;
/*!40101 SET NAMES utf8mb4 */;

--
-- Veritabanı: `ucak_website_veritabani`
--

-- --------------------------------------------------------

--
-- Tablo için tablo yapısı `havalimani`
--

CREATE TABLE `havalimani` (
  `havalimani_id` int(11) NOT NULL,
  `havalimani_adi` varchar(50) NOT NULL,
  `IATA_kodu` varchar(20) NOT NULL,
  `sehir_id` int(11) NOT NULL
) ENGINE=InnoDB DEFAULT CHARSET=utf8mb4 COLLATE=utf8mb4_general_ci;

--
-- Tablo döküm verisi `havalimani`
--

INSERT INTO `havalimani` (`havalimani_id`, `havalimani_adi`, `IATA_kodu`, `sehir_id`) VALUES
(33, 'Şakirpaşa Havalimanı', 'ADA', 1),
(34, 'Ankara Esenboğa Havalimanı', 'ESB', 2),
(35, 'Antalya Havalimanı', 'AYT', 3),
(36, 'Balıkesir Koca Seyit Havalimanı', 'EDO', 4),
(37, 'Bursa Yenişehir Havalimanı', 'YEI', 6),
(38, 'Çanakkale Havalimanı', 'CKZ', 7),
(39, 'Denizli Çardak Havalimanı', 'DNZ', 8),
(40, 'Diyarbakır Havalimanı', 'DIY', 9),
(41, 'Elazığ Havalimanı', 'EZS', 11),
(42, 'Erzurum Havalimanı', 'ERZ', 13),
(43, 'Eskişehir Hasan Polatkan Havalimanı', 'AOE', 14),
(44, 'Gaziantep Havalimanı', 'GZT', 15),
(45, 'Hatay Havalimanı', 'HTY', 16),
(46, 'Isparta Süleyman Demirel Havalimanı', 'ISE', 17),
(47, 'İstanbul Havalimanı', 'IST', 18),
(48, 'Adnan Menderes Havalimanı', 'ADB', 19),
(49, 'Erkilet Havalimanı', 'ASR', 21),
(50, 'Cengiz Topel Havalimanı', 'KCO', 22),
(51, 'Konya Havalimanı', 'KYA', 23),
(52, 'Malatya Havalimanı', 'MLX', 24),
(53, 'Dalaman Havalimanı', 'DLM', 27),
(54, 'Milas-Bodrum Havalimanı', 'BJV', 6),
(55, 'Nevşehir Kapadokya Havalimanı', 'NAV', 28),
(56, 'Ordu-Giresun Havalimanı', 'OGU', 29),
(57, 'Rize-Artvin Havalimanı', 'RZV', 31),
(58, 'Samsun Çarşamba Havalimanı', 'SZF', 32),
(59, 'Sivas Nuri Demirağ Havalimanı', 'VAS', 34),
(60, 'Şanlıurfa GAP Havalimanı', 'GNY', 33),
(61, 'Trabzon Havalimanı', 'TZX', 37),
(62, 'Uşak Havalimanı', 'USQ', 38),
(63, 'Van Ferit Melen Havalimanı', 'VAN', 49);

-- --------------------------------------------------------

--
-- Tablo için tablo yapısı `hizmetler`
--

CREATE TABLE `hizmetler` (
  `hizmet_id` int(11) NOT NULL,
  `hizmet_adi` varchar(50) NOT NULL,
  `ücreti` int(11) NOT NULL
) ENGINE=InnoDB DEFAULT CHARSET=utf8mb4 COLLATE=utf8mb4_general_ci;

--
-- Tablo döküm verisi `hizmetler`
--

INSERT INTO `hizmetler` (`hizmet_id`, `hizmet_adi`, `ücreti`) VALUES
(1, 'Wi-Fi Hizmeti', 50),
(2, 'Yiyecek İkramı', 30),
(3, 'Eğlence Sistemi', 20),
(4, 'Ekstra Bagaj Hakkı', 40),
(5, 'Özel Koltuk Hizmeti', 60);

-- --------------------------------------------------------

--
-- Tablo için tablo yapısı `koltuklar`
--

CREATE TABLE `koltuklar` (
  `koltuk_no` varchar(50) NOT NULL,
  `koltuk_sinifi` varchar(20) NOT NULL,
  `fiyati` int(20) NOT NULL
) ENGINE=InnoDB DEFAULT CHARSET=utf8mb4 COLLATE=utf8mb4_general_ci;

--
-- Tablo döküm verisi `koltuklar`
--

INSERT INTO `koltuklar` (`koltuk_no`, `koltuk_sinifi`, `fiyati`) VALUES
('A1', 'Business', 1000),
('A10', 'Business', 1000),
('A11', 'Ekonomi', 500),
('A12', 'Ekonomi', 500),
('A13', 'Ekonomi', 500),
('A14', 'Ekonomi', 500),
('A15', 'Ekonomi', 500),
('A16', 'Ekonomi', 500),
('A17', 'Ekonomi', 500),
('A18', 'Ekonomi', 500),
('A19', 'Ekonomi', 500),
('A2', 'Business', 1000),
('A20', 'Ekonomi', 500),
('A21', 'Ekonomi', 500),
('A22', 'Ekonomi', 500),
('A23', 'Ekonomi', 500),
('A24', 'Ekonomi', 500),
('A25', 'Ekonomi', 500),
('A26', 'Ekonomi', 500),
('A27', 'Ekonomi', 500),
('A28', 'Ekonomi', 500),
('A29', 'Ekonomi', 500),
('A3', 'Business', 1000),
('A30', 'Ekonomi', 500),
('A31', 'Ekonomi', 500),
('A32', 'Ekonomi', 500),
('A4', 'Business', 1000),
('A5', 'Business', 1000),
('A6', 'Business', 1000),
('A7', 'Business', 1000),
('A8', 'Business', 1000),
('A9', 'Business', 1000),
('B1', 'Business', 1000),
('B10', 'Business', 1000),
('B11', 'Ekonomi', 500),
('B12', 'Ekonomi', 500),
('B13', 'Ekonomi', 500),
('B14', 'Ekonomi', 500),
('B15', 'Ekonomi', 500),
('B16', 'Ekonomi', 500),
('B17', 'Ekonomi', 500),
('B18', 'Ekonomi', 500),
('B19', 'Ekonomi', 500),
('B2', 'Business', 1000),
('B20', 'Ekonomi', 500),
('B21', 'Ekonomi', 500),
('B22', 'Ekonomi', 500),
('B23', 'Ekonomi', 500),
('B24', 'Ekonomi', 500),
('B25', 'Ekonomi', 500),
('B26', 'Ekonomi', 500),
('B27', 'Ekonomi', 500),
('B28', 'Ekonomi', 500),
('B29', 'Ekonomi', 500),
('B3', 'Business', 1000),
('B30', 'Ekonomi', 500),
('B31', 'Ekonomi', 500),
('B32', 'Ekonomi', 500),
('B4', 'Business', 1000),
('B5', 'Business', 1000),
('B6', 'Business', 1000),
('B7', 'Business', 1000),
('B8', 'Business', 1000),
('B9', 'Business', 1000),
('C1', 'Business', 1000),
('C10', 'Business', 1000),
('C11', 'Ekonomi', 500),
('C12', 'Ekonomi', 500),
('C13', 'Ekonomi', 500),
('C14', 'Ekonomi', 500),
('C15', 'Ekonomi', 500),
('C16', 'Ekonomi', 500),
('C17', 'Ekonomi', 500),
('C18', 'Ekonomi', 500),
('C19', 'Ekonomi', 500),
('C2', 'Business', 1000),
('C20', 'Ekonomi', 500),
('C21', 'Ekonomi', 500),
('C22', 'Ekonomi', 500),
('C23', 'Ekonomi', 500),
('C24', 'Ekonomi', 500),
('C25', 'Ekonomi', 500),
('C26', 'Ekonomi', 500),
('C27', 'Ekonomi', 500),
('C28', 'Ekonomi', 500),
('C29', 'Ekonomi', 500),
('C3', 'Business', 1000),
('C30', 'Ekonomi', 500),
('C31', 'Ekonomi', 500),
('C32', 'Ekonomi', 500),
('C4', 'Business', 1000),
('C5', 'Business', 1000),
('C6', 'Business', 1000),
('C7', 'Business', 1000),
('C8', 'Business', 1000),
('C9', 'Business', 1000),
('D1', 'Business', 1000),
('D10', 'Business', 1000),
('D11', 'Ekonomi', 500),
('D12', 'Ekonomi', 500),
('D13', 'Ekonomi', 500),
('D14', 'Ekonomi', 500),
('D15', 'Ekonomi', 500),
('D16', 'Ekonomi', 500),
('D17', 'Ekonomi', 500),
('D18', 'Ekonomi', 500),
('D19', 'Ekonomi', 500),
('D2', 'Business', 1000),
('D20', 'Ekonomi', 500),
('D21', 'Ekonomi', 500),
('D22', 'Ekonomi', 500),
('D23', 'Ekonomi', 500),
('D24', 'Ekonomi', 500),
('D25', 'Ekonomi', 500),
('D26', 'Ekonomi', 500),
('D27', 'Ekonomi', 500),
('D28', 'Ekonomi', 500),
('D29', 'Ekonomi', 500),
('D3', 'Business', 1000),
('D30', 'Ekonomi', 500),
('D31', 'Ekonomi', 500),
('D32', 'Ekonomi', 500),
('D4', 'Business', 1000),
('D5', 'Business', 1000),
('D6', 'Business', 1000),
('D7', 'Business', 1000),
('D8', 'Business', 1000),
('D9', 'Business', 1000),
('E1', 'Ekonomi', 500),
('E10', 'Ekonomi', 500),
('E11', 'Ekonomi', 500),
('E12', 'Ekonomi', 500),
('E13', 'Ekonomi', 500),
('E14', 'Ekonomi', 500),
('E15', 'Ekonomi', 500),
('E16', 'Ekonomi', 500),
('E17', 'Ekonomi', 500),
('E18', 'Ekonomi', 500),
('E19', 'Ekonomi', 500),
('E2', 'Ekonomi', 500),
('E20', 'Ekonomi', 500),
('E21', 'Ekonomi', 500),
('E22', 'Ekonomi', 500),
('E23', 'Ekonomi', 500),
('E24', 'Ekonomi', 500),
('E25', 'Ekonomi', 500),
('E26', 'Ekonomi', 500),
('E27', 'Ekonomi', 500),
('E28', 'Ekonomi', 500),
('E29', 'Ekonomi', 500),
('E3', 'Ekonomi', 500),
('E30', 'Ekonomi', 500),
('E31', 'Ekonomi', 500),
('E32', 'Ekonomi', 500),
('E4', 'Ekonomi', 500),
('E5', 'Ekonomi', 500),
('E6', 'Ekonomi', 500),
('E7', 'Ekonomi', 500),
('E8', 'Ekonomi', 500),
('E9', 'Ekonomi', 500),
('F1', 'Business', 1000),
('F10', 'Business', 1000),
('F11', 'Ekonomi', 500),
('F12', 'Ekonomi', 500),
('F13', 'Ekonomi', 500),
('F14', 'Ekonomi', 500),
('F15', 'Ekonomi', 500),
('F16', 'Ekonomi', 500),
('F17', 'Ekonomi', 500),
('F18', 'Ekonomi', 500),
('F19', 'Ekonomi', 500),
('F2', 'Business', 1000),
('F20', 'Ekonomi', 500),
('F21', 'Ekonomi', 500),
('F22', 'Ekonomi', 500),
('F23', 'Ekonomi', 500),
('F24', 'Ekonomi', 500),
('F25', 'Ekonomi', 500),
('F26', 'Ekonomi', 500),
('F27', 'Ekonomi', 500),
('F28', 'Ekonomi', 500),
('F29', 'Ekonomi', 500),
('F3', 'Business', 1000),
('F30', 'Ekonomi', 500),
('F31', 'Ekonomi', 500),
('F32', 'Ekonomi', 500),
('F4', 'Business', 1000),
('F5', 'Business', 1000),
('F6', 'Business', 1000),
('F7', 'Business', 1000),
('F8', 'Business', 1000),
('F9', 'Business', 1000);

-- --------------------------------------------------------

--
-- Tablo için tablo yapısı `kullanici`
--

CREATE TABLE `kullanici` (
  `kullanici_id` int(11) NOT NULL,
  `ad` varchar(50) CHARACTER SET utf8mb4 COLLATE utf8mb4_turkish_ci NOT NULL,
  `soyad` varchar(50) CHARACTER SET utf8mb4 COLLATE utf8mb4_turkish_ci NOT NULL,
  `tel_no` bigint(50) NOT NULL,
  `cinsiyet` varchar(20) NOT NULL,
  `tc_no` bigint(50) NOT NULL,
  `sifre` varchar(255) DEFAULT NULL,
  `dogum_tarihi` date NOT NULL,
  `engelli` varchar(30) NOT NULL,
  `kullanici_tip_id` int(50) NOT NULL,
  `meslek_id` int(50) NOT NULL
) ENGINE=InnoDB DEFAULT CHARSET=utf8mb4 COLLATE=utf8mb4_general_ci;

--
-- Tablo döküm verisi `kullanici`
--

INSERT INTO `kullanici` (`kullanici_id`, `ad`, `soyad`, `tel_no`, `cinsiyet`, `tc_no`, `sifre`, `dogum_tarihi`, `engelli`, `kullanici_tip_id`, `meslek_id`) VALUES
(3, 'Jane', 'Smith', 9876543210, 'Kadın', 23456789012, NULL, '1990-03-25', 'Evet', 2, 194),
(5, 'Emily', 'Williams', 7779998881, 'Kadın', 45678901234, NULL, '1995-05-10', 'Evet', 2, 196),
(6, 'Michael', 'Brown', 1112223334, 'Erkek', 56789012345, NULL, '1980-09-05', 'Hayır', 2, 197),
(7, 'Sarah', 'Miller', 4445556667, 'Kadın', 67890123456, NULL, '1987-12-20', 'Hayır', 2, 198),
(8, 'William', 'Jones', 9998887770, 'Erkek', 78901234567, NULL, '1992-02-18', 'Evet', 2, 199),
(9, 'Olivia', 'Davis', 3334445558, 'Kadın', 89012345678, NULL, '1983-04-29', 'Hayır', 2, 200),
(10, 'Daniel', 'Wilson', 2223334446, 'Erkek', 90123456789, NULL, '1979-10-12', 'Evet', 2, 201),
(11, 'Sophia', 'Taylor', 6667778882, 'Kadın', 12345098765, NULL, '1998-08-08', 'Hayır', 2, 202),
(12, 'Liam', 'Anderson', 7778889993, 'Erkek', 23456789011, NULL, '1994-06-23', 'Evet', 2, 203),
(13, 'Ava', 'Thomas', 8889990004, 'Kadın', 34567890123, NULL, '1986-01-14', 'Hayır', 2, 204),
(14, 'Noah', 'White', 9990001115, 'Erkek', 45678901234, NULL, '1991-09-30', 'Evet', 2, 205),
(15, 'Emma', 'Martinez', 1234567891, 'Kadın', 56789012345, NULL, '1982-05-07', 'Hayır', 2, 206),
(16, 'Mia', 'Garcia', 5556667772, 'Kadın', 67890123456, NULL, '1997-03-17', 'Evet', 2, 207),
(17, 'James', 'Lopez', 9876543219, 'Erkek', 78901234567, NULL, '1989-11-02', 'Hayır', 2, 208),
(18, 'Charlotte', 'Hernandez', 1112223330, 'Kadın', 89012345678, NULL, '1996-07-28', 'Evet', 2, 209),
(19, 'Elijah', 'King', 2223334441, 'Erkek', 90123456789, NULL, '1984-02-09', 'Hayır', 2, 210),
(20, 'Amelia', 'Scott', 3334445552, '', 12345098765, NULL, '1993-12-25', 'Evet', 2, 211),
(21, 'Benjamin', 'Green', 4445556663, 'Erkek', 23456789011, NULL, '1981-06-05', 'Hayır', 2, 212),
(22, 'Grace', 'Clark', 5556667778, 'Kadın', 34567890128, NULL, '1986-09-18', 'Hayır', 2, 213),
(23, 'Henry', 'Baker', 8889990006, 'Erkek', 45678901239, NULL, '1991-07-27', 'Evet', 2, 214),
(24, 'Lily', 'Adams', 2223334447, 'Kadın', 56789012340, NULL, '1983-04-14', 'Hayır', 2, 215),
(25, 'Logan', 'Cook', 7778889996, 'Erkek', 67890123451, NULL, '1996-02-09', 'Evet', 2, 216),
(26, 'Chloe', 'Ward', 9990001117, 'Kadın', 78901234562, NULL, '1988-12-30', 'Hayır', 2, 217),
(27, 'Ethan', 'Bell', 1234567893, 'Erkek', 89012345673, NULL, '1993-10-05', 'Evet', 2, 218),
(28, 'Zoe', 'Hill', 6667778884, 'Kadın', 90123456784, NULL, '1980-05-22', 'Hayır', 2, 219),
(29, 'Jackson', 'Rivera', 4445556665, 'Erkek', 12345098765, NULL, '1985-11-15', 'Evet', 2, 220),
(30, 'Madison', 'Ward', 7778889996, 'Kadın', 23456789016, NULL, '1990-08-08', 'Hayır', 2, 221),
(31, 'Gabriel', 'Perez', 8889990007, 'Erkek', 34567890127, NULL, '1987-06-03', 'Evet', 2, 222),
(32, 'Avery', 'Turner', 5556667778, 'Kadın', 45678901238, NULL, '1992-03-28', 'Hayır', 2, 223),
(33, 'Sofia', 'Reed', 9990001119, 'Kadın', 56789012349, NULL, '1984-01-11', 'Evet', 2, 224),
(34, 'Lucas', 'Coleman', 1234567894, 'Erkek', 67890123450, NULL, '1989-09-24', 'Hayır', 2, 225),
(35, 'Aria', 'Garcia', 6667778885, 'Kadın', 78901234561, NULL, '1994-07-19', 'Evet', 2, 226),
(36, 'Carter', 'Hill', 8889990008, 'Erkek', 90123456782, NULL, '1981-04-02', 'Hayır', 2, 227),
(37, 'Aubrey', 'Adams', 4445556666, 'Kadın', 12345098764, NULL, '1995-12-17', 'Evet', 2, 228),
(38, 'Mason', 'Parker', 7778889997, 'Erkek', 23456789015, NULL, '1982-10-30', 'Hayır', 2, 229),
(39, 'Harper', 'Ward', 5556667779, 'Kadın', 34567890126, NULL, '1986-08-13', 'Evet', 2, 230),
(40, 'Evelyn', 'Ramirez', 9990001110, 'Kadın', 45678901237, NULL, '1991-06-26', 'Hayır', 2, 231),
(41, 'Landon', 'Carter', 1234567895, 'Erkek', 56789012348, NULL, '1987-03-07', 'Evet', 2, 232),
(47, 'Ahmet', 'Dursun', 12312312312, 'Erkek', 12345678902, 'b23cf2d0fb74b0ffa0cf4c70e6e04926', '2024-01-17', 'Evet', 1, 229),
(48, 'Ahmet', 'Kaya', 33444555666, 'Erkek', 12312312312, 'b23cf2d0fb74b0ffa0cf4c70e6e04926', '2024-01-19', 'Hayır', 2, 232),
(49, 'Zeliha', 'Çınar', 111111111111, 'Erkek', 12312312313, 'b23cf2d0fb74b0ffa0cf4c70e6e04926', '2024-01-27', 'Evet', 2, 229),
(51, 'Hakan', 'Kardeş', 23456789643, 'Erkek', 11223344556, 'b23cf2d0fb74b0ffa0cf4c70e6e04926', '1993-01-13', 'Evet', 2, 226),
(52, 'Kerem', 'Dost', 12312321312313, 'Erkek', 11223334567, 'b23cf2d0fb74b0ffa0cf4c70e6e04926', '1995-02-15', 'Evet', 2, 223),
(53, 'Mehmet', 'Yandaş', 2312312312112, 'Erkek', 7896765434, 'b23cf2d0fb74b0ffa0cf4c70e6e04926', '1994-07-02', 'Hayır', 2, 233),
(54, 'Abdulkadir', 'Ömür', 123123123123, 'Erkek', 111111111112, 'b23cf2d0fb74b0ffa0cf4c70e6e04926', '1993-02-10', 'Evet', 1, 231),
(55, 'ekrem', 'kaya', 3432423233, 'Erkek', 22223333444444, 'b23cf2d0fb74b0ffa0cf4c70e6e04926', '2011-07-14', 'Hayır', 2, 197);

-- --------------------------------------------------------

--
-- Tablo için tablo yapısı `kullanici_tipi`
--

CREATE TABLE `kullanici_tipi` (
  `tip_id` int(11) NOT NULL,
  `tip_adi` varchar(50) NOT NULL
) ENGINE=InnoDB DEFAULT CHARSET=utf8mb4 COLLATE=utf8mb4_general_ci;

--
-- Tablo döküm verisi `kullanici_tipi`
--

INSERT INTO `kullanici_tipi` (`tip_id`, `tip_adi`) VALUES
(1, 'Admin'),
(2, 'Standart Kullanıcı');

-- --------------------------------------------------------

--
-- Tablo için tablo yapısı `log_kaydi`
--

CREATE TABLE `log_kaydi` (
  `log_kaydi_id` int(11) NOT NULL,
  `ip_adresi` varchar(250) NOT NULL,
  `tarayici_adi` varchar(250) NOT NULL,
  `giris_tarihi` varchar(50) NOT NULL,
  `cikis_tarihi` varchar(50) NOT NULL,
  `kullanici_id` int(50) NOT NULL
) ENGINE=InnoDB DEFAULT CHARSET=utf8mb4 COLLATE=utf8mb4_general_ci;

--
-- Tablo döküm verisi `log_kaydi`
--

INSERT INTO `log_kaydi` (`log_kaydi_id`, `ip_adresi`, `tarayici_adi`, `giris_tarihi`, `cikis_tarihi`, `kullanici_id`) VALUES
(1, '::1', 'Mozilla/5.0 (Macintosh; Intel Mac OS X 10_15_7) AppleWebKit/537.36 (KHTML, like Gecko) Chrome/120.0.0.0 Safari/537.36', '2024-01-01 19:24:50', '2024-01-01 19:24:57', 45),
(2, '::1', 'Mozilla/5.0 (Macintosh; Intel Mac OS X 10_15_7) AppleWebKit/537.36 (KHTML, like Gecko) Chrome/120.0.0.0 Safari/537.36', '2024-01-01 19:25:40', '2024-01-01 19:25:42', 45),
(3, '', 'Mozilla/5.0 (Macintosh; Intel Mac OS X 10_15_7) AppleWebKit/537.36 (KHTML, like Gecko) Chrome/120.0.0.0 Safari/537.36', '2024-01-01 19:28:42', '2024-01-01 19:28:45', 45),
(4, '::1', 'Mozilla/5.0 (Macintosh; Intel Mac OS X 10_15_7) AppleWebKit/537.36 (KHTML, like Gecko) Chrome/120.0.0.0 Safari/537.36', '2024-01-01 19:29:18', '2024-01-01 19:29:20', 45),
(5, '::1', 'Mozilla/5.0 (Macintosh; Intel Mac OS X 10_15_7) AppleWebKit/605.1.15 (KHTML, like Gecko) Version/17.2.1 Safari/605.1.15', '2024-01-01 19:35:07', '2024-01-01 19:35:17', 45),
(6, '::1', 'Mozilla/5.0 (Macintosh; Intel Mac OS X 10_15_7) AppleWebKit/537.36 (KHTML, like Gecko) Chrome/120.0.0.0 Safari/537.36', '2024-01-01 19:36:44', '2024-01-01 20:03:39', 45),
(7, '::1', 'Mozilla/5.0 (Macintosh; Intel Mac OS X 10_15_7) AppleWebKit/537.36 (KHTML, like Gecko) Chrome/120.0.0.0 Safari/537.36', '2024-01-01 20:03:46', '2024-01-01 20:03:49', 47),
(8, '::1', 'Mozilla/5.0 (Macintosh; Intel Mac OS X 10_15_7) AppleWebKit/537.36 (KHTML, like Gecko) Chrome/120.0.0.0 Safari/537.36', '2024-01-01 20:03:55', '2024-01-01 20:03:58', 47),
(9, '::1', 'Mozilla/5.0 (Macintosh; Intel Mac OS X 10_15_7) AppleWebKit/537.36 (KHTML, like Gecko) Chrome/120.0.0.0 Safari/537.36', '2024-01-01 20:04:06', '2024-01-01 20:04:14', 46),
(10, '::1', 'Mozilla/5.0 (Macintosh; Intel Mac OS X 10_15_7) AppleWebKit/537.36 (KHTML, like Gecko) Chrome/120.0.0.0 Safari/537.36', '2024-01-01 20:04:27', '2024-01-01 20:15:13', 47),
(11, '::1', 'Mozilla/5.0 (Macintosh; Intel Mac OS X 10_15_7) AppleWebKit/537.36 (KHTML, like Gecko) Chrome/120.0.0.0 Safari/537.36', '2024-01-01 20:15:21', '2024-01-01 20:15:30', 46),
(12, '::1', 'Mozilla/5.0 (Macintosh; Intel Mac OS X 10_15_7) AppleWebKit/537.36 (KHTML, like Gecko) Chrome/120.0.0.0 Safari/537.36', '2024-01-01 20:15:37', '2024-01-01 20:15:41', 46),
(13, '::1', 'Mozilla/5.0 (Macintosh; Intel Mac OS X 10_15_7) AppleWebKit/537.36 (KHTML, like Gecko) Chrome/120.0.0.0 Safari/537.36', '2024-01-01 20:15:52', '2024-01-01 20:15:56', 46),
(14, '::1', 'Mozilla/5.0 (Macintosh; Intel Mac OS X 10_15_7) AppleWebKit/537.36 (KHTML, like Gecko) Chrome/120.0.0.0 Safari/537.36', '2024-01-01 20:16:02', '2024-01-01 20:16:05', 46),
(15, '::1', 'Mozilla/5.0 (Macintosh; Intel Mac OS X 10_15_7) AppleWebKit/537.36 (KHTML, like Gecko) Chrome/120.0.0.0 Safari/537.36', '2024-01-01 20:16:11', '2024-01-01 20:41:35', 45),
(16, '::1', 'Mozilla/5.0 (Macintosh; Intel Mac OS X 10_15_7) AppleWebKit/537.36 (KHTML, like Gecko) Chrome/120.0.0.0 Safari/537.36', '2024-01-01 20:41:41', '2024-01-01 20:59:52', 45),
(17, '::1', 'Mozilla/5.0 (Macintosh; Intel Mac OS X 10_15_7) AppleWebKit/537.36 (KHTML, like Gecko) Chrome/120.0.0.0 Safari/537.36', '2024-01-01 21:03:22', '2024-01-01 21:03:25', 45),
(18, '::1', 'Mozilla/5.0 (Macintosh; Intel Mac OS X 10_15_7) AppleWebKit/537.36 (KHTML, like Gecko) Chrome/120.0.0.0 Safari/537.36', '2024-01-01 21:03:55', '2024-01-01 21:03:59', 45),
(19, '::1', 'Mozilla/5.0 (Macintosh; Intel Mac OS X 10_15_7) AppleWebKit/537.36 (KHTML, like Gecko) Chrome/120.0.0.0 Safari/537.36', '2024-01-02 10:55:23', '2024-01-02 10:56:03', 45),
(20, '::1', 'Mozilla/5.0 (Macintosh; Intel Mac OS X 10_15_7) AppleWebKit/537.36 (KHTML, like Gecko) Chrome/120.0.0.0 Safari/537.36', '2024-01-02 10:57:05', '2024-01-02 11:44:32', 48),
(21, '::1', 'Mozilla/5.0 (Macintosh; Intel Mac OS X 10_15_7) AppleWebKit/537.36 (KHTML, like Gecko) Chrome/120.0.0.0 Safari/537.36', '2024-01-02 11:44:40', '2024-01-02 12:01:21', 45),
(22, '::1', 'Mozilla/5.0 (Macintosh; Intel Mac OS X 10_15_7) AppleWebKit/537.36 (KHTML, like Gecko) Chrome/120.0.0.0 Safari/537.36', '2024-01-02 12:01:29', '2024-01-02 12:14:50', 48),
(23, '::1', 'Mozilla/5.0 (Macintosh; Intel Mac OS X 10_15_7) AppleWebKit/537.36 (KHTML, like Gecko) Chrome/120.0.0.0 Safari/537.36', '2024-01-02 12:14:56', '2024-01-02 12:18:23', 45),
(24, '::1', 'Mozilla/5.0 (Macintosh; Intel Mac OS X 10_15_7) AppleWebKit/537.36 (KHTML, like Gecko) Chrome/120.0.0.0 Safari/537.36', '2024-01-02 12:18:42', '2024-01-02 12:19:08', 48),
(25, '::1', 'Mozilla/5.0 (Macintosh; Intel Mac OS X 10_15_7) AppleWebKit/537.36 (KHTML, like Gecko) Chrome/120.0.0.0 Safari/537.36', '2024-01-02 12:19:53', '2024-01-02 12:20:29', 49),
(26, '::1', 'Mozilla/5.0 (Macintosh; Intel Mac OS X 10_15_7) AppleWebKit/537.36 (KHTML, like Gecko) Chrome/120.0.0.0 Safari/537.36', '2024-01-04 16:13:35', '2024-01-04 16:16:25', 45),
(27, '::1', 'Mozilla/5.0 (Macintosh; Intel Mac OS X 10_15_7) AppleWebKit/537.36 (KHTML, like Gecko) Chrome/120.0.0.0 Safari/537.36', '2024-01-04 19:15:16', '2024-01-04 19:21:59', 45),
(28, '::1', 'Mozilla/5.0 (Macintosh; Intel Mac OS X 10_15_7) AppleWebKit/537.36 (KHTML, like Gecko) Chrome/120.0.0.0 Safari/537.36', '2024-01-04 19:22:08', '2024-01-04 19:24:27', 45),
(29, '::1', 'Mozilla/5.0 (Macintosh; Intel Mac OS X 10_15_7) AppleWebKit/537.36 (KHTML, like Gecko) Chrome/120.0.0.0 Safari/537.36', '2024-01-04 19:25:54', '2024-01-04 19:39:29', 50),
(30, '::1', 'Mozilla/5.0 (Macintosh; Intel Mac OS X 10_15_7) AppleWebKit/537.36 (KHTML, like Gecko) Chrome/120.0.0.0 Safari/537.36', '2024-01-04 19:39:37', '2024-01-04 20:05:14', 45),
(31, '::1', 'Mozilla/5.0 (Macintosh; Intel Mac OS X 10_15_7) AppleWebKit/537.36 (KHTML, like Gecko) Chrome/120.0.0.0 Safari/537.36', '2024-01-04 20:05:25', '2024-01-04 20:58:38', 50),
(32, '::1', 'Mozilla/5.0 (Macintosh; Intel Mac OS X 10_15_7) AppleWebKit/537.36 (KHTML, like Gecko) Chrome/120.0.0.0 Safari/537.36', '2024-01-04 20:58:45', '2024-01-04 21:35:57', 45),
(33, '::1', 'Mozilla/5.0 (Macintosh; Intel Mac OS X 10_15_7) AppleWebKit/537.36 (KHTML, like Gecko) Chrome/120.0.0.0 Safari/537.36', '2024-01-04 21:36:04', '2024-01-04 21:36:21', 45),
(34, '::1', 'Mozilla/5.0 (Macintosh; Intel Mac OS X 10_15_7) AppleWebKit/537.36 (KHTML, like Gecko) Chrome/120.0.0.0 Safari/537.36', '2024-01-04 21:36:30', '2024-01-04 21:38:33', 50),
(35, '::1', 'Mozilla/5.0 (Macintosh; Intel Mac OS X 10_15_7) AppleWebKit/537.36 (KHTML, like Gecko) Chrome/120.0.0.0 Safari/537.36', '2024-01-04 21:38:40', '2024-01-04 21:39:03', 45),
(36, '::1', 'Mozilla/5.0 (Macintosh; Intel Mac OS X 10_15_7) AppleWebKit/537.36 (KHTML, like Gecko) Chrome/120.0.0.0 Safari/537.36', '2024-01-04 21:42:07', '2024-01-04 21:47:39', 45),
(37, '::1', 'Mozilla/5.0 (Macintosh; Intel Mac OS X 10_15_7) AppleWebKit/537.36 (KHTML, like Gecko) Chrome/120.0.0.0 Safari/537.36', '2024-01-04 21:47:55', '2024-01-04 21:49:22', 50),
(38, '::1', 'Mozilla/5.0 (Macintosh; Intel Mac OS X 10_15_7) AppleWebKit/537.36 (KHTML, like Gecko) Chrome/120.0.0.0 Safari/537.36', '2024-01-04 21:49:32', '2024-01-04 22:52:32', 45),
(39, '::1', 'Mozilla/5.0 (Macintosh; Intel Mac OS X 10_15_7) AppleWebKit/537.36 (KHTML, like Gecko) Chrome/120.0.0.0 Safari/537.36', '2024-01-05 07:38:39', '2024-01-05 07:39:17', 51),
(40, '::1', 'Mozilla/5.0 (Macintosh; Intel Mac OS X 10_15_7) AppleWebKit/537.36 (KHTML, like Gecko) Chrome/120.0.0.0 Safari/537.36', '2024-01-05 07:39:26', '2024-01-05 07:51:40', 45),
(41, '::1', 'Mozilla/5.0 (Macintosh; Intel Mac OS X 10_15_7) AppleWebKit/537.36 (KHTML, like Gecko) Chrome/120.0.0.0 Safari/537.36', '2024-01-05 07:58:41', '2024-01-05 07:58:59', 55),
(42, '::1', 'Mozilla/5.0 (Macintosh; Intel Mac OS X 10_15_7) AppleWebKit/537.36 (KHTML, like Gecko) Chrome/120.0.0.0 Safari/537.36', '2024-01-05 07:59:10', '2024-01-05 08:03:45', 55),
(43, '::1', 'Mozilla/5.0 (Macintosh; Intel Mac OS X 10_15_7) AppleWebKit/537.36 (KHTML, like Gecko) Chrome/120.0.0.0 Safari/537.36', '2024-01-07 20:36:56', '2024-01-07 20:47:39', 45);

-- --------------------------------------------------------

--
-- Tablo için tablo yapısı `meslek`
--

CREATE TABLE `meslek` (
  `meslek_id` int(11) NOT NULL,
  `meslek_adi` varchar(40) NOT NULL
) ENGINE=InnoDB DEFAULT CHARSET=utf8mb4 COLLATE=utf8mb4_general_ci;

--
-- Tablo döküm verisi `meslek`
--

INSERT INTO `meslek` (`meslek_id`, `meslek_adi`) VALUES
(193, 'Doktor'),
(194, 'Mühendis'),
(195, 'Öğretmen'),
(196, 'Avukat'),
(197, 'Hemşire'),
(198, 'Programcı'),
(199, 'Grafik Tasarımcısı'),
(200, 'Eczacı'),
(201, 'Yazılım Mühendisi'),
(202, 'Polis'),
(203, 'Mimar'),
(204, 'Satış Danışmanı'),
(205, 'Pilot'),
(206, 'Psikolog'),
(207, 'Diş Hekimi'),
(208, 'Veteriner'),
(209, 'Yönetici'),
(210, 'Endüstri Mühendisi'),
(211, 'Yazar'),
(212, 'Ressam'),
(213, 'Yatırım Bankacısı'),
(214, 'Fizyoterapist'),
(215, 'Girişimci'),
(216, 'Sosyal Medya Uzmanı'),
(217, 'Jinekolog'),
(218, 'Jeolog'),
(219, 'Makine Mühendisi'),
(220, 'Eğitim Danışmanı'),
(221, 'Fotoğrafçı'),
(222, 'Havacı'),
(223, 'Yapay Zeka Uzmanı'),
(224, 'Müzik Öğretmeni'),
(225, 'Tarım Danışmanı'),
(226, 'Fitness Antrenörü'),
(227, 'Denizci'),
(228, 'Moda Tasarımcısı'),
(229, 'Yatırım Danışmanı'),
(230, 'Zoolog'),
(231, 'Dansçı'),
(232, 'Kimyager'),
(233, 'Fizikçi'),
(234, 'Gazeteci'),
(235, 'Odyolog'),
(236, 'Robotik Mühendisi'),
(237, 'Yönetim Danışmanı'),
(238, 'Hukuk Danışmanı'),
(239, 'Bilgisayar Forensik Uzmanı'),
(240, 'Uzay Mühendisi');

-- --------------------------------------------------------

--
-- Tablo için tablo yapısı `personel`
--

CREATE TABLE `personel` (
  `personel_id` int(11) NOT NULL,
  `ad` varchar(50) NOT NULL,
  `soyad` varchar(50) NOT NULL,
  `cinsiyet` varchar(15) NOT NULL,
  `dogum_tarihi` date NOT NULL,
  `tecrube_yili` int(11) NOT NULL,
  `personel_tur_id` int(11) NOT NULL,
  `sirket_id` int(50) NOT NULL
) ENGINE=InnoDB DEFAULT CHARSET=utf8mb4 COLLATE=utf8mb4_general_ci;

--
-- Tablo döküm verisi `personel`
--

INSERT INTO `personel` (`personel_id`, `ad`, `soyad`, `cinsiyet`, `dogum_tarihi`, `tecrube_yili`, `personel_tur_id`, `sirket_id`) VALUES
(21, 'Eren', 'Yıldırım', 'Erkek', '1991-08-20', 7, 1, 1),
(22, 'Selma', 'Aydın', 'Kadın', '1990-03-15', 5, 1, 2),
(23, 'Can', 'Kurt', 'Erkek', '1993-06-10', 4, 1, 3),
(24, 'Gizem', 'Kara', 'Kadın', '1992-11-25', 8, 1, 4),
(25, 'Berk', 'Şahin', 'Erkek', '1989-12-30', 6, 1, 5),
(26, 'İrem', 'Ateş', 'Kadın', '1994-09-05', 3, 1, 1),
(27, 'Kadir', 'Güneş', 'Erkek', '1996-05-12', 7, 1, 2),
(28, 'Sevda', 'Kaplan', 'Kadın', '1995-02-17', 6, 1, 3),
(29, 'Emir', 'Çelik', 'Erkek', '1990-10-22', 4, 1, 4),
(30, 'Ceren', 'Koç', 'Kadın', '1997-04-08', 5, 1, 5),
(31, 'Deniz', 'Eren', 'Erkek', '1992-07-18', 6, 2, 1),
(32, 'Buse', 'Kılıç', 'Kadın', '1993-04-21', 4, 2, 1),
(33, 'Ege', 'Taş', 'Erkek', '1991-12-15', 5, 2, 2),
(34, 'Yasemin', 'Gündüz', 'Kadın', '1990-09-25', 7, 2, 2),
(35, 'Kaan', 'Turan', 'Erkek', '1994-02-28', 3, 2, 3),
(36, 'Ceren', 'Özdemir', 'Kadın', '1989-11-11', 8, 2, 3),
(37, 'Umut', 'Aydın', 'Erkek', '1995-06-30', 7, 2, 4),
(38, 'Aslı', 'Öztürk', 'Kadın', '1996-01-12', 5, 2, 4),
(39, 'Arda', 'Çelik', 'Erkek', '1993-08-07', 4, 2, 5),
(40, 'Berna', 'Yılmaz', 'Kadın', '1997-05-05', 6, 2, 5),
(41, 'Aylin', 'Koç', 'Kadın', '1992-06-28', 5, 3, 1),
(42, 'Emir', 'Şahin', 'Erkek', '1993-03-17', 4, 3, 1),
(43, 'Ceren', 'Demir', 'Kadın', '1991-12-10', 6, 3, 2),
(44, 'Ali', 'Yıldız', 'Erkek', '1990-10-20', 7, 3, 2),
(45, 'Ece', 'Kurt', 'Kadın', '1994-01-25', 3, 3, 3),
(46, 'Burak', 'Kaya', 'Erkek', '1989-11-11', 8, 3, 3),
(47, 'İlayda', 'Güneş', 'Kadın', '1995-08-30', 6, 3, 4),
(48, 'Mert', 'Aydın', 'Erkek', '1996-02-12', 5, 3, 4),
(49, 'Selin', 'Demir', 'Kadın', '1993-07-07', 4, 3, 5),
(50, 'Ahmet', 'Yılmaz', 'Erkek', '1997-04-05', 6, 3, 5),
(51, 'Elif', 'Kaya', 'Kadın', '1992-09-15', 6, 4, 1),
(52, 'Can', 'Arslan', 'Erkek', '1993-04-27', 5, 4, 1),
(53, 'Selin', 'Yılmaz', 'Kadın', '1991-11-20', 4, 4, 1),
(54, 'Eren', 'Güneş', 'Erkek', '1990-08-12', 7, 4, 1),
(55, 'Nazlı', 'Çelik', 'Kadın', '1994-03-05', 3, 4, 1),
(56, 'Berat', 'Kurt', 'Erkek', '1989-12-01', 8, 4, 2),
(57, 'Zeynep', 'Şahin', 'Kadın', '1995-07-10', 7, 4, 2),
(58, 'Tolga', 'Aydın', 'Erkek', '1996-02-22', 6, 4, 2),
(59, 'İpek', 'Yıldız', 'Kadın', '1993-10-17', 5, 4, 2),
(60, 'Utku', 'Demir', 'Erkek', '1997-05-28', 4, 4, 2),
(61, 'Deniz', 'Kaya', 'Kadın', '1992-05-18', 6, 4, 3),
(62, 'Berk', 'Arslan', 'Erkek', '1993-02-21', 4, 4, 3),
(63, 'Ece', 'Yılmaz', 'Kadın', '1991-09-15', 5, 4, 3),
(64, 'Emir', 'Güneş', 'Erkek', '1990-06-20', 7, 4, 3),
(65, 'Ceren', 'Çelik', 'Kadın', '1994-01-25', 3, 4, 3),
(66, 'Arda', 'Kurt', 'Erkek', '1989-11-11', 8, 4, 4),
(67, 'İrem', 'Şahin', 'Kadın', '1995-06-30', 7, 4, 4),
(68, 'Umut', 'Aydın', 'Erkek', '1996-01-12', 5, 4, 4),
(69, 'Kaan', 'Yıldız', 'Erkek', '1993-08-07', 4, 4, 4),
(70, 'Elif', 'Koç', 'Kadın', '1997-04-05', 6, 4, 4),
(71, 'Deniz', 'Kaya', 'Kadın', '1992-05-18', 6, 4, 5),
(72, 'Berk', 'Arslan', 'Erkek', '1993-02-21', 4, 4, 5),
(73, 'Ece', 'Yılmaz', 'Kadın', '1991-09-15', 5, 4, 5),
(74, 'Emir', 'Güneş', 'Erkek', '1990-06-20', 7, 4, 5),
(75, 'Ceren', 'Çelik', 'Kadın', '1994-01-25', 3, 4, 5),
(76, 'Arda', 'Kurt', 'Erkek', '1989-11-11', 8, 4, 1),
(77, 'İrem', 'Şahin', 'Kadın', '1995-06-30', 7, 4, 2),
(78, 'Umut', 'Aydın', 'Erkek', '1996-01-12', 5, 4, 3),
(79, 'Kaan', 'Yıldız', 'Erkek', '1993-08-07', 4, 4, 4),
(80, 'Elif', 'Koç', 'Kadın', '1997-04-05', 6, 4, 5);

-- --------------------------------------------------------

--
-- Tablo için tablo yapısı `personel_turleri`
--

CREATE TABLE `personel_turleri` (
  `personel_tur_id` int(11) NOT NULL,
  `personel_tur_adi` varchar(50) NOT NULL
) ENGINE=InnoDB DEFAULT CHARSET=utf8mb4 COLLATE=utf8mb4_general_ci;

--
-- Tablo döküm verisi `personel_turleri`
--

INSERT INTO `personel_turleri` (`personel_tur_id`, `personel_tur_adi`) VALUES
(1, 'Pilot'),
(2, 'Yardımcı Pilot'),
(3, 'Uçak Mühendisi'),
(4, 'Kabin Memuru');

-- --------------------------------------------------------

--
-- Tablo için tablo yapısı `satin_alim`
--

CREATE TABLE `satin_alim` (
  `satin_alim_id` int(11) NOT NULL,
  `sefer_id` int(11) NOT NULL,
  `koltuk_no` varchar(20) NOT NULL,
  `fiyat` int(11) NOT NULL,
  `satilis_tarihi` datetime NOT NULL,
  `hizmet_id` int(11) NOT NULL,
  `kullanici_id` int(11) NOT NULL
) ENGINE=InnoDB DEFAULT CHARSET=utf8mb4 COLLATE=utf8mb4_general_ci;

--
-- Tablo döküm verisi `satin_alim`
--

INSERT INTO `satin_alim` (`satin_alim_id`, `sefer_id`, `koltuk_no`, `fiyat`, `satilis_tarihi`, `hizmet_id`, `kullanici_id`) VALUES
(8, 8, 'D2', 1400, '2023-01-08 00:00:00', 3, 9),
(9, 9, 'E1', 1600, '2023-01-09 00:00:00', 4, 10),
(11, 11, 'F1', 1400, '2023-01-11 00:00:00', 1, 12),
(12, 12, 'F2', 1600, '2023-01-12 00:00:00', 2, 13),
(13, 13, 'A1', 1500, '2023-01-13 00:00:00', 3, 14),
(14, 14, 'A2', 1400, '2023-01-14 00:00:00', 4, 15),
(15, 15, 'B1', 1600, '2023-01-15 00:00:00', 5, 16),
(16, 1, 'B2', 1500, '2023-01-16 00:00:00', 1, 17),
(17, 2, 'C1', 1400, '2023-01-17 00:00:00', 2, 18),
(18, 3, 'C2', 1600, '2023-01-18 00:00:00', 3, 19),
(19, 4, 'D1', 1500, '2023-01-19 00:00:00', 4, 20),
(20, 5, 'D2', 1400, '2023-01-20 00:00:00', 5, 21),
(21, 6, 'E1', 1600, '2023-01-21 00:00:00', 1, 22),
(22, 7, 'E2', 1500, '2023-01-22 00:00:00', 2, 23),
(23, 8, 'F1', 1400, '2023-01-23 00:00:00', 3, 24),
(24, 9, 'F2', 1600, '2023-01-24 00:00:00', 4, 25),
(25, 10, 'A1', 1500, '2023-01-25 00:00:00', 5, 26),
(26, 11, 'A2', 1400, '2023-01-26 00:00:00', 1, 27),
(27, 12, 'B1', 1600, '2023-01-27 00:00:00', 2, 28),
(28, 13, 'B2', 1500, '2023-01-28 00:00:00', 3, 29),
(29, 14, 'C1', 1400, '2023-01-29 00:00:00', 4, 30),
(30, 15, 'C2', 1600, '2023-01-30 00:00:00', 5, 31),
(31, 1, 'D1', 1500, '2023-01-31 00:00:00', 1, 32),
(32, 2, 'D2', 1400, '2023-02-01 00:00:00', 2, 33),
(33, 3, 'E1', 1600, '2023-02-02 00:00:00', 3, 34),
(34, 4, 'E2', 1500, '2023-02-03 00:00:00', 4, 35),
(35, 5, 'F1', 1400, '2023-02-04 00:00:00', 5, 36),
(36, 6, 'F2', 1600, '2023-02-05 00:00:00', 1, 37),
(37, 7, 'A1', 1500, '2023-02-06 00:00:00', 2, 38),
(38, 8, 'A2', 1400, '2023-02-07 00:00:00', 3, 39),
(42, 3, 'A12', 1700, '2024-01-01 00:00:00', 4, 46),
(43, 9, 'B12', 1399, '2024-01-01 00:00:00', 3, 46),
(44, 15, 'D29', 1200, '2024-01-01 00:00:00', 4, 47),
(45, 13, 'B20', 1700, '2024-01-01 00:00:00', 5, 47),
(46, 15, 'B25', 1300, '2024-01-01 00:00:00', 4, 45),
(47, 3, 'A12', 1400, '2024-01-01 00:00:00', 5, 45),
(48, 4, 'B32', 1399, '2024-01-01 00:00:00', 3, 45),
(49, 10, 'F25', 1399, '2024-01-01 00:00:00', 3, 45),
(50, 1, 'A4', 1700, '2024-01-02 00:00:00', 5, 48),
(52, 8, 'B23', 1800, '2024-01-02 12:16:46', 5, 48),
(53, 6, 'A1', 1200, '2024-01-04 21:32:07', 2, 45),
(54, 7, 'A1', 3456, '2024-01-04 21:32:19', 2, 45);

-- --------------------------------------------------------

--
-- Tablo için tablo yapısı `seferler`
--

CREATE TABLE `seferler` (
  `sefer_id` int(11) NOT NULL,
  `kalkis_yeri_id` int(11) NOT NULL,
  `varis_yeri_id` int(11) NOT NULL,
  `ucak_id` int(11) NOT NULL,
  `varis_tarih_saat` datetime NOT NULL,
  `kalkis_tarih_saat` datetime NOT NULL
) ENGINE=InnoDB DEFAULT CHARSET=utf8mb4 COLLATE=utf8mb4_general_ci;

--
-- Tablo döküm verisi `seferler`
--

INSERT INTO `seferler` (`sefer_id`, `kalkis_yeri_id`, `varis_yeri_id`, `ucak_id`, `varis_tarih_saat`, `kalkis_tarih_saat`) VALUES
(1, 33, 47, 1, '2023-12-20 08:00:00', '2023-12-20 06:00:00'),
(2, 34, 48, 2, '2023-12-21 09:30:00', '2023-12-21 07:30:00'),
(3, 35, 49, 3, '2023-12-22 11:15:00', '2023-12-22 09:15:00'),
(4, 36, 50, 4, '2023-12-23 13:45:00', '2023-12-23 11:45:00'),
(5, 37, 51, 5, '2023-12-24 15:20:00', '2023-12-24 13:20:00'),
(6, 38, 52, 6, '2023-12-25 17:00:00', '2023-12-25 15:00:00'),
(7, 39, 53, 7, '2023-12-26 18:45:00', '2023-12-26 16:45:00'),
(8, 40, 54, 8, '2023-12-27 20:30:00', '2023-12-27 18:30:00'),
(9, 41, 55, 9, '2023-12-28 22:10:00', '2023-12-28 20:10:00'),
(10, 42, 56, 10, '2023-12-29 23:55:00', '2023-12-29 21:55:00'),
(11, 43, 57, 11, '2023-12-30 01:40:00', '2023-12-30 23:40:00'),
(12, 44, 58, 12, '2023-12-31 03:25:00', '2023-12-31 01:25:00'),
(13, 45, 59, 13, '2024-01-01 05:05:00', '2024-01-01 03:05:00'),
(14, 46, 60, 14, '2024-01-02 06:50:00', '2024-01-02 04:50:00'),
(15, 47, 61, 15, '2024-01-03 08:35:00', '2024-01-03 06:35:00');

-- --------------------------------------------------------

--
-- Tablo için tablo yapısı `sehirler`
--

CREATE TABLE `sehirler` (
  `sehir_id` int(11) NOT NULL,
  `sehir_adi` varchar(50) NOT NULL,
  `sehir_kodu` varchar(50) NOT NULL
) ENGINE=InnoDB DEFAULT CHARSET=utf8mb4 COLLATE=utf8mb4_general_ci;

--
-- Tablo döküm verisi `sehirler`
--

INSERT INTO `sehirler` (`sehir_id`, `sehir_adi`, `sehir_kodu`) VALUES
(1, 'Adana', '01'),
(2, 'Ankara', '06'),
(3, 'Antalya', '07'),
(4, 'Balıkesir', '10'),
(5, 'Batman', '72'),
(6, 'Bursa', '16'),
(7, 'Çanakkale', '17'),
(8, 'Denizli', '20'),
(9, 'Diyarbakır', '21'),
(10, 'Edirne', '22'),
(11, 'Elazığ', '23'),
(12, 'Erzincan', '24'),
(13, 'Erzurum', '25'),
(14, 'Eskişehir', '26'),
(15, 'Gaziantep', '27'),
(16, 'Hatay', '31'),
(17, 'Isparta', '32'),
(18, 'İstanbul', '34'),
(19, 'İzmir', '35'),
(20, 'Kahramanmaraş', '46'),
(21, 'Kayseri', '38'),
(22, 'Kocaeli', '41'),
(23, 'Konya', '42'),
(24, 'Malatya', '44'),
(25, 'Mardin', '47'),
(26, 'Mersin', '33'),
(27, 'Muğla', '48'),
(28, 'Nevşehir', '50'),
(29, 'Ordu', '52'),
(30, 'Osmaniye', '80'),
(31, 'Rize', '53'),
(32, 'Samsun', '55'),
(33, 'Şanlıurfa', '63'),
(34, 'Sivas', '58'),
(35, 'Şırnak', '73'),
(36, 'Tekirdağ', '59'),
(37, 'Trabzon', '61'),
(38, 'Uşak', '64'),
(40, 'Yozgat', '66'),
(49, 'Van', '65');

-- --------------------------------------------------------

--
-- Tablo için tablo yapısı `sirketler`
--

CREATE TABLE `sirketler` (
  `sirket_id` int(11) NOT NULL,
  `sirket_adi` varchar(50) NOT NULL,
  `kurulus_tarihi` date NOT NULL,
  `piyasa_degeri` bigint(30) NOT NULL
) ENGINE=InnoDB DEFAULT CHARSET=utf8mb4 COLLATE=utf8mb4_general_ci;

--
-- Tablo döküm verisi `sirketler`
--

INSERT INTO `sirketler` (`sirket_id`, `sirket_adi`, `kurulus_tarihi`, `piyasa_degeri`) VALUES
(1, 'Turkish Airlines', '1933-05-20', 15000000000),
(2, 'Pegasus Airlines', '1990-01-01', 5000000000),
(3, 'AnadoluJet', '2008-04-23', 1200000000),
(4, 'SunExpress', '1989-04-22', 2300000000),
(5, 'Corendon Airlines', '2004-04-05', 1100000000);

-- --------------------------------------------------------

--
-- Tablo için tablo yapısı `ucak`
--

CREATE TABLE `ucak` (
  `ucak_id` int(11) NOT NULL,
  `koltuk_sayisi` int(11) NOT NULL,
  `ucak_model_id` int(11) NOT NULL,
  `sirket_id` int(11) NOT NULL
) ENGINE=InnoDB DEFAULT CHARSET=utf8mb4 COLLATE=utf8mb4_general_ci;

--
-- Tablo döküm verisi `ucak`
--

INSERT INTO `ucak` (`ucak_id`, `koltuk_sayisi`, `ucak_model_id`, `sirket_id`) VALUES
(1, 192, 1, 1),
(2, 192, 2, 1),
(3, 192, 3, 1),
(4, 192, 4, 1),
(5, 192, 5, 1),
(6, 192, 6, 1),
(7, 192, 1, 2),
(8, 192, 2, 2),
(9, 192, 3, 2),
(10, 192, 4, 2),
(11, 192, 5, 2),
(12, 192, 6, 2),
(13, 192, 1, 3),
(14, 192, 2, 3),
(15, 192, 3, 3),
(16, 192, 4, 3),
(17, 192, 5, 3),
(18, 192, 6, 3),
(19, 192, 1, 4),
(20, 192, 2, 4),
(21, 192, 3, 4),
(22, 192, 4, 4),
(23, 192, 5, 4),
(24, 192, 6, 4),
(25, 192, 1, 5),
(26, 192, 2, 5),
(27, 192, 3, 5),
(28, 192, 4, 5),
(29, 192, 5, 5),
(30, 192, 6, 5);

-- --------------------------------------------------------

--
-- Tablo için tablo yapısı `ucak_koltuk`
--

CREATE TABLE `ucak_koltuk` (
  `koltuk_no` varchar(50) NOT NULL,
  `ucak_id` int(11) NOT NULL
) ENGINE=InnoDB DEFAULT CHARSET=utf8mb4 COLLATE=utf8mb4_general_ci;

--
-- Tablo döküm verisi `ucak_koltuk`
--

INSERT INTO `ucak_koltuk` (`koltuk_no`, `ucak_id`) VALUES
('A1', 1),
('B1', 1),
('C1', 1),
('D1', 1),
('E1', 1),
('F1', 1),
('A2', 1),
('B2', 1),
('C2', 1),
('D2', 1),
('E2', 1),
('F2', 1),
('A3', 1),
('B3', 1),
('C3', 1),
('D3', 1),
('E3', 1),
('F3', 1),
('A4', 1),
('B4', 1),
('C4', 1),
('D4', 1),
('E4', 1),
('F4', 1),
('A5', 1),
('B5', 1),
('C5', 1),
('D5', 1),
('E5', 1),
('F5', 1),
('A6', 1),
('B6', 1),
('C6', 1),
('D6', 1),
('E6', 1),
('F6', 1),
('A7', 1),
('B7', 1),
('C7', 1),
('D7', 1),
('E7', 1),
('F7', 1),
('A8', 1),
('B8', 1),
('C8', 1),
('D8', 1),
('E8', 1),
('F8', 1),
('A9', 1),
('B9', 1),
('C9', 1),
('D9', 1),
('E9', 1),
('F9', 1),
('A10', 1),
('B10', 1),
('C10', 1),
('D10', 1),
('E10', 1),
('F10', 1),
('A11', 1),
('B11', 1),
('C11', 1),
('D11', 1),
('E11', 1),
('F11', 1),
('A12', 1),
('B12', 1),
('C12', 1),
('D12', 1),
('E12', 1),
('F12', 1),
('A13', 1),
('B13', 1),
('C13', 1),
('D13', 1),
('E13', 1),
('F13', 1),
('A14', 1),
('B14', 1),
('C14', 1),
('D14', 1),
('E14', 1),
('F14', 1),
('A15', 1),
('B15', 1),
('C15', 1),
('D15', 1),
('E15', 1),
('F15', 1),
('A16', 1),
('B16', 1),
('C16', 1),
('D16', 1),
('E16', 1),
('F16', 1),
('A17', 1),
('B17', 1),
('C17', 1),
('D17', 1),
('E17', 1),
('F17', 1),
('A18', 1),
('B18', 1),
('C18', 1),
('D18', 1),
('E18', 1),
('F18', 1),
('A19', 1),
('B19', 1),
('C19', 1),
('D19', 1),
('E19', 1),
('F19', 1),
('A20', 1),
('B20', 1),
('C20', 1),
('D20', 1),
('E20', 1),
('F20', 1),
('A21', 1),
('B21', 1),
('C21', 1),
('D21', 1),
('E21', 1),
('F21', 1),
('A22', 1),
('B22', 1),
('C22', 1),
('D22', 1),
('E22', 1),
('F22', 1),
('A23', 1),
('B23', 1),
('C23', 1),
('D23', 1),
('E23', 1),
('F23', 1),
('A24', 1),
('B24', 1),
('C24', 1),
('D24', 1),
('E24', 1),
('F24', 1),
('A25', 1),
('B25', 1),
('C25', 1),
('D25', 1),
('E25', 1),
('F25', 1),
('A26', 1),
('B26', 1),
('C26', 1),
('D26', 1),
('E26', 1),
('F26', 1),
('A27', 1),
('B27', 1),
('C27', 1),
('D27', 1),
('E27', 1),
('F27', 1),
('A28', 1),
('B28', 1),
('C28', 1),
('D28', 1),
('E28', 1),
('F28', 1),
('A29', 1),
('B29', 1),
('C29', 1),
('D29', 1),
('E29', 1),
('F29', 1),
('A30', 1),
('B30', 1),
('C30', 1),
('D30', 1),
('E30', 1),
('F30', 1),
('A31', 1),
('B31', 1),
('C31', 1),
('D31', 1),
('E31', 1),
('F31', 1),
('A32', 1),
('B32', 1),
('C32', 1),
('D32', 1),
('E32', 1),
('F32', 1),
('A1', 2),
('B1', 2),
('C1', 2),
('D1', 2),
('E1', 2),
('F1', 2),
('A2', 2),
('B2', 2),
('C2', 2),
('D2', 2),
('E2', 2),
('F2', 2),
('A3', 2),
('B3', 2),
('C3', 2),
('D3', 2),
('E3', 2),
('F3', 2),
('A4', 2),
('B4', 2),
('C4', 2),
('D4', 2),
('E4', 2),
('F4', 2),
('A5', 2),
('B5', 2),
('C5', 2),
('D5', 2),
('E5', 2),
('F5', 2),
('A6', 2),
('B6', 2),
('C6', 2),
('D6', 2),
('E6', 2),
('F6', 2),
('A7', 2),
('B7', 2),
('C7', 2),
('D7', 2),
('E7', 2),
('F7', 2),
('A8', 2),
('B8', 2),
('C8', 2),
('D8', 2),
('E8', 2),
('F8', 2),
('A9', 2),
('B9', 2),
('C9', 2),
('D9', 2),
('E9', 2),
('F9', 2),
('A10', 2),
('B10', 2),
('C10', 2),
('D10', 2),
('E10', 2),
('F10', 2),
('A11', 2),
('B11', 2),
('C11', 2),
('D11', 2),
('E11', 2),
('F11', 2),
('A12', 2),
('B12', 2),
('C12', 2),
('D12', 2),
('E12', 2),
('F12', 2),
('A13', 2),
('B13', 2),
('C13', 2),
('D13', 2),
('E13', 2),
('F13', 2),
('A14', 2),
('B14', 2),
('C14', 2),
('D14', 2),
('E14', 2),
('F14', 2),
('A15', 2),
('B15', 2),
('C15', 2),
('D15', 2),
('E15', 2),
('F15', 2),
('A16', 2),
('B16', 2),
('C16', 2),
('D16', 2),
('E16', 2),
('F16', 2),
('A17', 2),
('B17', 2),
('C17', 2),
('D17', 2),
('E17', 2),
('F17', 2),
('A18', 2),
('B18', 2),
('C18', 2),
('D18', 2),
('E18', 2),
('F18', 2),
('A19', 2),
('B19', 2),
('C19', 2),
('D19', 2),
('E19', 2),
('F19', 2),
('A20', 2),
('B20', 2),
('C20', 2),
('D20', 2),
('E20', 2),
('F20', 2),
('A21', 2),
('B21', 2),
('C21', 2),
('D21', 2),
('E21', 2),
('F21', 2),
('A22', 2),
('B22', 2),
('C22', 2),
('D22', 2),
('E22', 2),
('F22', 2),
('A23', 2),
('B23', 2),
('C23', 2),
('D23', 2),
('E23', 2),
('F23', 2),
('A24', 2),
('B24', 2),
('C24', 2),
('D24', 2),
('E24', 2),
('F24', 2),
('A25', 2),
('B25', 2),
('C25', 2),
('D25', 2),
('E25', 2),
('F25', 2),
('A26', 2),
('B26', 2),
('C26', 2),
('D26', 2),
('E26', 2),
('F26', 2),
('A27', 2),
('B27', 2),
('C27', 2),
('D27', 2),
('E27', 2),
('F27', 2),
('A28', 2),
('B28', 2),
('C28', 2),
('D28', 2),
('E28', 2),
('F28', 2),
('A29', 2),
('B29', 2),
('C29', 2),
('D29', 2),
('E29', 2),
('F29', 2),
('A30', 2),
('B30', 2),
('C30', 2),
('D30', 2),
('E30', 2),
('F30', 2),
('A31', 2),
('B31', 2),
('C31', 2),
('D31', 2),
('E31', 2),
('F31', 2),
('A32', 2),
('B32', 2),
('C32', 2),
('D32', 2),
('E32', 2),
('F32', 2),
('A1', 3),
('B1', 3),
('C1', 3),
('D1', 3),
('E1', 3),
('F1', 3),
('A2', 3),
('B2', 3),
('C2', 3),
('D2', 3),
('E2', 3),
('F2', 3),
('A3', 3),
('B3', 3),
('C3', 3),
('D3', 3),
('E3', 3),
('F3', 3),
('A4', 3),
('B4', 3),
('C4', 3),
('D4', 3),
('E4', 3),
('F4', 3),
('A5', 3),
('B5', 3),
('C5', 3),
('D5', 3),
('E5', 3),
('F5', 3),
('A6', 3),
('B6', 3),
('C6', 3),
('D6', 3),
('E6', 3),
('F6', 3),
('A7', 3),
('B7', 3),
('C7', 3),
('D7', 3),
('E7', 3),
('F7', 3),
('A8', 3),
('B8', 3),
('C8', 3),
('D8', 3),
('E8', 3),
('F8', 3),
('A9', 3),
('B9', 3),
('C9', 3),
('D9', 3),
('E9', 3),
('F9', 3),
('A10', 3),
('B10', 3),
('C10', 3),
('D10', 3),
('E10', 3),
('F10', 3),
('A11', 3),
('B11', 3),
('C11', 3),
('D11', 3),
('E11', 3),
('F11', 3),
('A12', 3),
('B12', 3),
('C12', 3),
('D12', 3),
('E12', 3),
('F12', 3),
('A13', 3),
('B13', 3),
('C13', 3),
('D13', 3),
('E13', 3),
('F13', 3),
('A14', 3),
('B14', 3),
('C14', 3),
('D14', 3),
('E14', 3),
('F14', 3),
('A15', 3),
('B15', 3),
('C15', 3),
('D15', 3),
('E15', 3),
('F15', 3),
('A16', 3),
('B16', 3),
('C16', 3),
('D16', 3),
('E16', 3),
('F16', 3),
('A17', 3),
('B17', 3),
('C17', 3),
('D17', 3),
('E17', 3),
('F17', 3),
('A18', 3),
('B18', 3),
('C18', 3),
('D18', 3),
('E18', 3),
('F18', 3),
('A19', 3),
('B19', 3),
('C19', 3),
('D19', 3),
('E19', 3),
('F19', 3),
('A20', 3),
('B20', 3),
('C20', 3),
('D20', 3),
('E20', 3),
('F20', 3),
('A21', 3),
('B21', 3),
('C21', 3),
('D21', 3),
('E21', 3),
('F21', 3),
('A22', 3),
('B22', 3),
('C22', 3),
('D22', 3),
('E22', 3),
('F22', 3),
('A23', 3),
('B23', 3),
('C23', 3),
('D23', 3),
('E23', 3),
('F23', 3),
('A24', 3),
('B24', 3),
('C24', 3),
('D24', 3),
('E24', 3),
('F24', 3),
('A25', 3),
('B25', 3),
('C25', 3),
('D25', 3),
('E25', 3),
('F25', 3),
('A26', 3),
('B26', 3),
('C26', 3),
('D26', 3),
('E26', 3),
('F26', 3),
('A27', 3),
('B27', 3),
('C27', 3),
('D27', 3),
('E27', 3),
('F27', 3),
('A28', 3),
('B28', 3),
('C28', 3),
('D28', 3),
('E28', 3),
('F28', 3),
('A29', 3),
('B29', 3),
('C29', 3),
('D29', 3),
('E29', 3),
('F29', 3),
('A30', 3),
('B30', 3),
('C30', 3),
('D30', 3),
('E30', 3),
('F30', 3),
('A31', 3),
('B31', 3),
('C31', 3),
('D31', 3),
('E31', 3),
('F31', 3),
('A32', 3),
('B32', 3),
('C32', 3),
('D32', 3),
('E32', 3),
('F32', 3),
('A1', 4),
('B1', 4),
('C1', 4),
('D1', 4),
('E1', 4),
('F1', 4),
('A2', 4),
('B2', 4),
('C2', 4),
('D2', 4),
('E2', 4),
('F2', 4),
('A3', 4),
('B3', 4),
('C3', 4),
('D3', 4),
('E3', 4),
('F3', 4),
('A4', 4),
('B4', 4),
('C4', 4),
('D4', 4),
('E4', 4),
('F4', 4),
('A5', 4),
('B5', 4),
('C5', 4),
('D5', 4),
('E5', 4),
('F5', 4),
('A6', 4),
('B6', 4),
('C6', 4),
('D6', 4),
('E6', 4),
('F6', 4),
('A7', 4),
('B7', 4),
('C7', 4),
('D7', 4),
('E7', 4),
('F7', 4),
('A8', 4),
('B8', 4),
('C8', 4),
('D8', 4),
('E8', 4),
('F8', 4),
('A9', 4),
('B9', 4),
('C9', 4),
('D9', 4),
('E9', 4),
('F9', 4),
('A10', 4),
('B10', 4),
('C10', 4),
('D10', 4),
('E10', 4),
('F10', 4),
('A11', 4),
('B11', 4),
('C11', 4),
('D11', 4),
('E11', 4),
('F11', 4),
('A12', 4),
('B12', 4),
('C12', 4),
('D12', 4),
('E12', 4),
('F12', 4),
('A13', 4),
('B13', 4),
('C13', 4),
('D13', 4),
('E13', 4),
('F13', 4),
('A14', 4),
('B14', 4),
('C14', 4),
('D14', 4),
('E14', 4),
('F14', 4),
('A15', 4),
('B15', 4),
('C15', 4),
('D15', 4),
('E15', 4),
('F15', 4),
('A16', 4),
('B16', 4),
('C16', 4),
('D16', 4),
('E16', 4),
('F16', 4),
('A17', 4),
('B17', 4),
('C17', 4),
('D17', 4),
('E17', 4),
('F17', 4),
('A18', 4),
('B18', 4),
('C18', 4),
('D18', 4),
('E18', 4),
('F18', 4),
('A19', 4),
('B19', 4),
('C19', 4),
('D19', 4),
('E19', 4),
('F19', 4),
('A20', 4),
('B20', 4),
('C20', 4),
('D20', 4),
('E20', 4),
('F20', 4),
('A21', 4),
('B21', 4),
('C21', 4),
('D21', 4),
('E21', 4),
('F21', 4),
('A22', 4),
('B22', 4),
('C22', 4),
('D22', 4),
('E22', 4),
('F22', 4),
('A23', 4),
('B23', 4),
('C23', 4),
('D23', 4),
('E23', 4),
('F23', 4),
('A24', 4),
('B24', 4),
('C24', 4),
('D24', 4),
('E24', 4),
('F24', 4),
('A25', 4),
('B25', 4),
('C25', 4),
('D25', 4),
('E25', 4),
('F25', 4),
('A26', 4),
('B26', 4),
('C26', 4),
('D26', 4),
('E26', 4),
('F26', 4),
('A27', 4),
('B27', 4),
('C27', 4),
('D27', 4),
('E27', 4),
('F27', 4),
('A28', 4),
('B28', 4),
('C28', 4),
('D28', 4),
('E28', 4),
('F28', 4),
('A29', 4),
('B29', 4),
('C29', 4),
('D29', 4),
('E29', 4),
('F29', 4),
('A30', 4),
('B30', 4),
('C30', 4),
('D30', 4),
('E30', 4),
('F30', 4),
('A31', 4),
('B31', 4),
('C31', 4),
('D31', 4),
('E31', 4),
('F31', 4),
('A32', 4),
('B32', 4),
('C32', 4),
('D32', 4),
('E32', 4),
('F32', 4),
('A1', 5),
('B1', 5),
('C1', 5),
('D1', 5),
('E1', 5),
('F1', 5),
('A2', 5),
('B2', 5),
('C2', 5),
('D2', 5),
('E2', 5),
('F2', 5),
('A3', 5),
('B3', 5),
('C3', 5),
('D3', 5),
('E3', 5),
('F3', 5),
('A4', 5),
('B4', 5),
('C4', 5),
('D4', 5),
('E4', 5),
('F4', 5),
('A5', 5),
('B5', 5),
('C5', 5),
('D5', 5),
('E5', 5),
('F5', 5),
('A6', 5),
('B6', 5),
('C6', 5),
('D6', 5),
('E6', 5),
('F6', 5),
('A7', 5),
('B7', 5),
('C7', 5),
('D7', 5),
('E7', 5),
('F7', 5),
('A8', 5),
('B8', 5),
('C8', 5),
('D8', 5),
('E8', 5),
('F8', 5),
('A9', 5),
('B9', 5),
('C9', 5),
('D9', 5),
('E9', 5),
('F9', 5),
('A10', 5),
('B10', 5),
('C10', 5),
('D10', 5),
('E10', 5),
('F10', 5),
('A11', 5),
('B11', 5),
('C11', 5),
('D11', 5),
('E11', 5),
('F11', 5),
('A12', 5),
('B12', 5),
('C12', 5),
('D12', 5),
('E12', 5),
('F12', 5),
('A13', 5),
('B13', 5),
('C13', 5),
('D13', 5),
('E13', 5),
('F13', 5),
('A14', 5),
('B14', 5),
('C14', 5),
('D14', 5),
('E14', 5),
('F14', 5),
('A15', 5),
('B15', 5),
('C15', 5),
('D15', 5),
('E15', 5),
('F15', 5),
('A16', 5),
('B16', 5),
('C16', 5),
('D16', 5),
('E16', 5),
('F16', 5),
('A17', 5),
('B17', 5),
('C17', 5),
('D17', 5),
('E17', 5),
('F17', 5),
('A18', 5),
('B18', 5),
('C18', 5),
('D18', 5),
('E18', 5),
('F18', 5),
('A19', 5),
('B19', 5),
('C19', 5),
('D19', 5),
('E19', 5),
('F19', 5),
('A20', 5),
('B20', 5),
('C20', 5),
('D20', 5),
('E20', 5),
('F20', 5),
('A21', 5),
('B21', 5),
('C21', 5),
('D21', 5),
('E21', 5),
('F21', 5),
('A22', 5),
('B22', 5),
('C22', 5),
('D22', 5),
('E22', 5),
('F22', 5),
('A23', 5),
('B23', 5),
('C23', 5),
('D23', 5),
('E23', 5),
('F23', 5),
('A24', 5),
('B24', 5),
('C24', 5),
('D24', 5),
('E24', 5),
('F24', 5),
('A25', 5),
('B25', 5),
('C25', 5),
('D25', 5),
('E25', 5),
('F25', 5),
('A26', 5),
('B26', 5),
('C26', 5),
('D26', 5),
('E26', 5),
('F26', 5),
('A27', 5),
('B27', 5),
('C27', 5),
('D27', 5),
('E27', 5),
('F27', 5),
('A28', 5),
('B28', 5),
('C28', 5),
('D28', 5),
('E28', 5),
('F28', 5),
('A29', 5),
('B29', 5),
('C29', 5),
('D29', 5),
('E29', 5),
('F29', 5),
('A30', 5),
('B30', 5),
('C30', 5),
('D30', 5),
('E30', 5),
('F30', 5),
('A31', 5),
('B31', 5),
('C31', 5),
('D31', 5),
('E31', 5),
('F31', 5),
('A32', 5),
('B32', 5),
('C32', 5),
('D32', 5),
('E32', 5),
('F32', 5),
('A1', 6),
('B1', 6),
('C1', 6),
('D1', 6),
('E1', 6),
('F1', 6),
('A2', 6),
('B2', 6),
('C2', 6),
('D2', 6),
('E2', 6),
('F2', 6),
('A3', 6),
('B3', 6),
('C3', 6),
('D3', 6),
('E3', 6),
('F3', 6),
('A4', 6),
('B4', 6),
('C4', 6),
('D4', 6),
('E4', 6),
('F4', 6),
('A5', 6),
('B5', 6),
('C5', 6),
('D5', 6),
('E5', 6),
('F5', 6),
('A6', 6),
('B6', 6),
('C6', 6),
('D6', 6),
('E6', 6),
('F6', 6),
('A7', 6),
('B7', 6),
('C7', 6),
('D7', 6),
('E7', 6),
('F7', 6),
('A8', 6),
('B8', 6),
('C8', 6),
('D8', 6),
('E8', 6),
('F8', 6),
('A9', 6),
('B9', 6),
('C9', 6),
('D9', 6),
('E9', 6),
('F9', 6),
('A10', 6),
('B10', 6),
('C10', 6),
('D10', 6),
('E10', 6),
('F10', 6),
('A11', 6),
('B11', 6),
('C11', 6),
('D11', 6),
('E11', 6),
('F11', 6),
('A12', 6),
('B12', 6),
('C12', 6),
('D12', 6),
('E12', 6),
('F12', 6),
('A13', 6),
('B13', 6),
('C13', 6),
('D13', 6),
('E13', 6),
('F13', 6),
('A14', 6),
('B14', 6),
('C14', 6),
('D14', 6),
('E14', 6),
('F14', 6),
('A15', 6),
('B15', 6),
('C15', 6),
('D15', 6),
('E15', 6),
('F15', 6),
('A16', 6),
('B16', 6),
('C16', 6),
('D16', 6),
('E16', 6),
('F16', 6),
('A17', 6),
('B17', 6),
('C17', 6),
('D17', 6),
('E17', 6),
('F17', 6),
('A18', 6),
('B18', 6),
('C18', 6),
('D18', 6),
('E18', 6),
('F18', 6),
('A19', 6),
('B19', 6),
('C19', 6),
('D19', 6),
('E19', 6),
('F19', 6),
('A20', 6),
('B20', 6),
('C20', 6),
('D20', 6),
('E20', 6),
('F20', 6),
('A21', 6),
('B21', 6),
('C21', 6),
('D21', 6),
('E21', 6),
('F21', 6),
('A22', 6),
('B22', 6),
('C22', 6),
('D22', 6),
('E22', 6),
('F22', 6),
('A23', 6),
('B23', 6),
('C23', 6),
('D23', 6),
('E23', 6),
('F23', 6),
('A24', 6),
('B24', 6),
('C24', 6),
('D24', 6),
('E24', 6),
('F24', 6),
('A25', 6),
('B25', 6),
('C25', 6),
('D25', 6),
('E25', 6),
('F25', 6),
('A26', 6),
('B26', 6),
('C26', 6),
('D26', 6),
('E26', 6),
('F26', 6),
('A27', 6),
('B27', 6),
('C27', 6),
('D27', 6),
('E27', 6),
('F27', 6),
('A28', 6),
('B28', 6),
('C28', 6),
('D28', 6),
('E28', 6),
('F28', 6),
('A29', 6),
('B29', 6),
('C29', 6),
('D29', 6),
('E29', 6),
('F29', 6),
('A30', 6),
('B30', 6),
('C30', 6),
('D30', 6),
('E30', 6),
('F30', 6),
('A31', 6),
('B31', 6),
('C31', 6),
('D31', 6),
('E31', 6),
('F31', 6),
('A32', 6),
('B32', 6),
('C32', 6),
('D32', 6),
('E32', 6),
('F32', 6),
('A1', 7),
('B1', 7),
('C1', 7),
('D1', 7),
('E1', 7),
('F1', 7),
('A2', 7),
('B2', 7),
('C2', 7),
('D2', 7),
('E2', 7),
('F2', 7),
('A3', 7),
('B3', 7),
('C3', 7),
('D3', 7),
('E3', 7),
('F3', 7),
('A4', 7),
('B4', 7),
('C4', 7),
('D4', 7),
('E4', 7),
('F4', 7),
('A5', 7),
('B5', 7),
('C5', 7),
('D5', 7),
('E5', 7),
('F5', 7),
('A6', 7),
('B6', 7),
('C6', 7),
('D6', 7),
('E6', 7),
('F6', 7),
('A7', 7),
('B7', 7),
('C7', 7),
('D7', 7),
('E7', 7),
('F7', 7),
('A8', 7),
('B8', 7),
('C8', 7),
('D8', 7),
('E8', 7),
('F8', 7),
('A9', 7),
('B9', 7),
('C9', 7),
('D9', 7),
('E9', 7),
('F9', 7),
('A10', 7),
('B10', 7),
('C10', 7),
('D10', 7),
('E10', 7),
('F10', 7),
('A11', 7),
('B11', 7),
('C11', 7),
('D11', 7),
('E11', 7),
('F11', 7),
('A12', 7),
('B12', 7),
('C12', 7),
('D12', 7),
('E12', 7),
('F12', 7),
('A13', 7),
('B13', 7),
('C13', 7),
('D13', 7),
('E13', 7),
('F13', 7),
('A14', 7),
('B14', 7),
('C14', 7),
('D14', 7),
('E14', 7),
('F14', 7),
('A15', 7),
('B15', 7),
('C15', 7),
('D15', 7),
('E15', 7),
('F15', 7),
('A16', 7),
('B16', 7),
('C16', 7),
('D16', 7),
('E16', 7),
('F16', 7),
('A17', 7),
('B17', 7),
('C17', 7),
('D17', 7),
('E17', 7),
('F17', 7),
('A18', 7),
('B18', 7),
('C18', 7),
('D18', 7),
('E18', 7),
('F18', 7),
('A19', 7),
('B19', 7),
('C19', 7),
('D19', 7),
('E19', 7),
('F19', 7),
('A20', 7),
('B20', 7),
('C20', 7),
('D20', 7),
('E20', 7),
('F20', 7),
('A21', 7),
('B21', 7),
('C21', 7),
('D21', 7),
('E21', 7),
('F21', 7),
('A22', 7),
('B22', 7),
('C22', 7),
('D22', 7),
('E22', 7),
('F22', 7),
('A23', 7),
('B23', 7),
('C23', 7),
('D23', 7),
('E23', 7),
('F23', 7),
('A24', 7),
('B24', 7),
('C24', 7),
('D24', 7),
('E24', 7),
('F24', 7),
('A25', 7),
('B25', 7),
('C25', 7),
('D25', 7),
('E25', 7),
('F25', 7),
('A26', 7),
('B26', 7),
('C26', 7),
('D26', 7),
('E26', 7),
('F26', 7),
('A27', 7),
('B27', 7),
('C27', 7),
('D27', 7),
('E27', 7),
('F27', 7),
('A28', 7),
('B28', 7),
('C28', 7),
('D28', 7),
('E28', 7),
('F28', 7),
('A29', 7),
('B29', 7),
('C29', 7),
('D29', 7),
('E29', 7),
('F29', 7),
('A30', 7),
('B30', 7),
('C30', 7),
('D30', 7),
('E30', 7),
('F30', 7),
('A31', 7),
('B31', 7),
('C31', 7),
('D31', 7),
('E31', 7),
('F31', 7),
('A32', 7),
('B32', 7),
('C32', 7),
('D32', 7),
('E32', 7),
('F32', 7),
('A1', 8),
('B1', 8),
('C1', 8),
('D1', 8),
('E1', 8),
('F1', 8),
('A2', 8),
('B2', 8),
('C2', 8),
('D2', 8),
('E2', 8),
('F2', 8),
('A3', 8),
('B3', 8),
('C3', 8),
('D3', 8),
('E3', 8),
('F3', 8),
('A4', 8),
('B4', 8),
('C4', 8),
('D4', 8),
('E4', 8),
('F4', 8),
('A5', 8),
('B5', 8),
('C5', 8),
('D5', 8),
('E5', 8),
('F5', 8),
('A6', 8),
('B6', 8),
('C6', 8),
('D6', 8),
('E6', 8),
('F6', 8),
('A7', 8),
('B7', 8),
('C7', 8),
('D7', 8),
('E7', 8),
('F7', 8),
('A8', 8),
('B8', 8),
('C8', 8),
('D8', 8),
('E8', 8),
('F8', 8),
('A9', 8),
('B9', 8),
('C9', 8),
('D9', 8),
('E9', 8),
('F9', 8),
('A10', 8),
('B10', 8),
('C10', 8),
('D10', 8),
('E10', 8),
('F10', 8),
('A11', 8),
('B11', 8),
('C11', 8),
('D11', 8),
('E11', 8),
('F11', 8),
('A12', 8),
('B12', 8),
('C12', 8),
('D12', 8),
('E12', 8),
('F12', 8),
('A13', 8),
('B13', 8),
('C13', 8),
('D13', 8),
('E13', 8),
('F13', 8),
('A14', 8),
('B14', 8),
('C14', 8),
('D14', 8),
('E14', 8),
('F14', 8),
('A15', 8),
('B15', 8),
('C15', 8),
('D15', 8),
('E15', 8),
('F15', 8),
('A16', 8),
('B16', 8),
('C16', 8),
('D16', 8),
('E16', 8),
('F16', 8),
('A17', 8),
('B17', 8),
('C17', 8),
('D17', 8),
('E17', 8),
('F17', 8),
('A18', 8),
('B18', 8),
('C18', 8),
('D18', 8),
('E18', 8),
('F18', 8),
('A19', 8),
('B19', 8),
('C19', 8),
('D19', 8),
('E19', 8),
('F19', 8),
('A20', 8),
('B20', 8),
('C20', 8),
('D20', 8),
('E20', 8),
('F20', 8),
('A21', 8),
('B21', 8),
('C21', 8),
('D21', 8),
('E21', 8),
('F21', 8),
('A22', 8),
('B22', 8),
('C22', 8),
('D22', 8),
('E22', 8),
('F22', 8),
('A23', 8),
('B23', 8),
('C23', 8),
('D23', 8),
('E23', 8),
('F23', 8),
('A24', 8),
('B24', 8),
('C24', 8),
('D24', 8),
('E24', 8),
('F24', 8),
('A25', 8),
('B25', 8),
('C25', 8),
('D25', 8),
('E25', 8),
('F25', 8),
('A26', 8),
('B26', 8),
('C26', 8),
('D26', 8),
('E26', 8),
('F26', 8),
('A27', 8),
('B27', 8),
('C27', 8),
('D27', 8),
('E27', 8),
('F27', 8),
('A28', 8),
('B28', 8),
('C28', 8),
('D28', 8),
('E28', 8),
('F28', 8),
('A29', 8),
('B29', 8),
('C29', 8),
('D29', 8),
('E29', 8),
('F29', 8),
('A30', 8),
('B30', 8),
('C30', 8),
('D30', 8),
('E30', 8),
('F30', 8),
('A31', 8),
('B31', 8),
('C31', 8),
('D31', 8),
('E31', 8),
('F31', 8),
('A32', 8),
('B32', 8),
('C32', 8),
('D32', 8),
('E32', 8),
('F32', 8),
('A1', 9),
('B1', 9),
('C1', 9),
('D1', 9),
('E1', 9),
('F1', 9),
('A2', 9),
('B2', 9),
('C2', 9),
('D2', 9),
('E2', 9),
('F2', 9),
('A3', 9),
('B3', 9),
('C3', 9),
('D3', 9),
('E3', 9),
('F3', 9),
('A4', 9),
('B4', 9),
('C4', 9),
('D4', 9),
('E4', 9),
('F4', 9),
('A5', 9),
('B5', 9),
('C5', 9),
('D5', 9),
('E5', 9),
('F5', 9),
('A6', 9),
('B6', 9),
('C6', 9),
('D6', 9),
('E6', 9),
('F6', 9),
('A7', 9),
('B7', 9),
('C7', 9),
('D7', 9),
('E7', 9),
('F7', 9),
('A8', 9),
('B8', 9),
('C8', 9),
('D8', 9),
('E8', 9),
('F8', 9),
('A9', 9),
('B9', 9),
('C9', 9),
('D9', 9),
('E9', 9),
('F9', 9),
('A10', 9),
('B10', 9),
('C10', 9),
('D10', 9),
('E10', 9),
('F10', 9),
('A11', 9),
('B11', 9),
('C11', 9),
('D11', 9),
('E11', 9),
('F11', 9),
('A12', 9),
('B12', 9),
('C12', 9),
('D12', 9),
('E12', 9),
('F12', 9),
('A13', 9),
('B13', 9),
('C13', 9),
('D13', 9),
('E13', 9),
('F13', 9),
('A14', 9),
('B14', 9),
('C14', 9),
('D14', 9),
('E14', 9),
('F14', 9),
('A15', 9),
('B15', 9),
('C15', 9),
('D15', 9),
('E15', 9),
('F15', 9),
('A16', 9),
('B16', 9),
('C16', 9),
('D16', 9),
('E16', 9),
('F16', 9),
('A17', 9),
('B17', 9),
('C17', 9),
('D17', 9),
('E17', 9),
('F17', 9),
('A18', 9),
('B18', 9),
('C18', 9),
('D18', 9),
('E18', 9),
('F18', 9),
('A19', 9),
('B19', 9),
('C19', 9),
('D19', 9),
('E19', 9),
('F19', 9),
('A20', 9),
('B20', 9),
('C20', 9),
('D20', 9),
('E20', 9),
('F20', 9),
('A21', 9),
('B21', 9),
('C21', 9),
('D21', 9),
('E21', 9),
('F21', 9),
('A22', 9),
('B22', 9),
('C22', 9),
('D22', 9),
('E22', 9),
('F22', 9),
('A23', 9),
('B23', 9),
('C23', 9),
('D23', 9),
('E23', 9),
('F23', 9),
('A24', 9),
('B24', 9),
('C24', 9),
('D24', 9),
('E24', 9),
('F24', 9),
('A25', 9),
('B25', 9),
('C25', 9),
('D25', 9),
('E25', 9),
('F25', 9),
('A26', 9),
('B26', 9),
('C26', 9),
('D26', 9),
('E26', 9),
('F26', 9),
('A27', 9),
('B27', 9),
('C27', 9),
('D27', 9),
('E27', 9),
('F27', 9),
('A28', 9),
('B28', 9),
('C28', 9),
('D28', 9),
('E28', 9),
('F28', 9),
('A29', 9),
('B29', 9),
('C29', 9),
('D29', 9),
('E29', 9),
('F29', 9),
('A30', 9),
('B30', 9),
('C30', 9),
('D30', 9),
('E30', 9),
('F30', 9),
('A31', 9),
('B31', 9),
('C31', 9),
('D31', 9),
('E31', 9),
('F31', 9),
('A32', 9),
('B32', 9),
('C32', 9),
('D32', 9),
('E32', 9),
('F32', 9),
('A1', 10),
('B1', 10),
('C1', 10),
('D1', 10),
('E1', 10),
('F1', 10),
('A2', 10),
('B2', 10),
('C2', 10),
('D2', 10),
('E2', 10),
('F2', 10),
('A3', 10),
('B3', 10),
('C3', 10),
('D3', 10),
('E3', 10),
('F3', 10),
('A4', 10),
('B4', 10),
('C4', 10),
('D4', 10),
('E4', 10),
('F4', 10),
('A5', 10),
('B5', 10),
('C5', 10),
('D5', 10),
('E5', 10),
('F5', 10),
('A6', 10),
('B6', 10),
('C6', 10),
('D6', 10),
('E6', 10),
('F6', 10),
('A7', 10),
('B7', 10),
('C7', 10),
('D7', 10),
('E7', 10),
('F7', 10),
('A8', 10),
('B8', 10),
('C8', 10),
('D8', 10),
('E8', 10),
('F8', 10),
('A9', 10),
('B9', 10),
('C9', 10),
('D9', 10),
('E9', 10),
('F9', 10),
('A10', 10),
('B10', 10),
('C10', 10),
('D10', 10),
('E10', 10),
('F10', 10),
('A11', 10),
('B11', 10),
('C11', 10),
('D11', 10),
('E11', 10),
('F11', 10),
('A12', 10),
('B12', 10),
('C12', 10),
('D12', 10),
('E12', 10),
('F12', 10),
('A13', 10),
('B13', 10),
('C13', 10),
('D13', 10),
('E13', 10),
('F13', 10),
('A14', 10),
('B14', 10),
('C14', 10),
('D14', 10),
('E14', 10),
('F14', 10),
('A15', 10),
('B15', 10),
('C15', 10),
('D15', 10),
('E15', 10),
('F15', 10),
('A16', 10),
('B16', 10),
('C16', 10),
('D16', 10),
('E16', 10),
('F16', 10),
('A17', 10),
('B17', 10),
('C17', 10),
('D17', 10),
('E17', 10),
('F17', 10),
('A18', 10),
('B18', 10),
('C18', 10),
('D18', 10),
('E18', 10),
('F18', 10),
('A19', 10),
('B19', 10),
('C19', 10),
('D19', 10),
('E19', 10),
('F19', 10),
('A20', 10),
('B20', 10),
('C20', 10),
('D20', 10),
('E20', 10),
('F20', 10),
('A21', 10),
('B21', 10),
('C21', 10),
('D21', 10),
('E21', 10),
('F21', 10),
('A22', 10),
('B22', 10),
('C22', 10),
('D22', 10),
('E22', 10),
('F22', 10),
('A23', 10),
('B23', 10),
('C23', 10),
('D23', 10),
('E23', 10),
('F23', 10),
('A24', 10),
('B24', 10),
('C24', 10),
('D24', 10),
('E24', 10),
('F24', 10),
('A25', 10),
('B25', 10),
('C25', 10),
('D25', 10),
('E25', 10),
('F25', 10),
('A26', 10),
('B26', 10),
('C26', 10),
('D26', 10),
('E26', 10),
('F26', 10),
('A27', 10),
('B27', 10),
('C27', 10),
('D27', 10),
('E27', 10),
('F27', 10),
('A28', 10),
('B28', 10),
('C28', 10),
('D28', 10),
('E28', 10),
('F28', 10),
('A29', 10),
('B29', 10),
('C29', 10),
('D29', 10),
('E29', 10),
('F29', 10),
('A30', 10),
('B30', 10),
('C30', 10),
('D30', 10),
('E30', 10),
('F30', 10),
('A31', 10),
('B31', 10),
('C31', 10),
('D31', 10),
('E31', 10),
('F31', 10),
('A32', 10),
('B32', 10),
('C32', 10),
('D32', 10),
('E32', 10),
('F32', 10),
('A1', 11),
('B1', 11),
('C1', 11),
('D1', 11),
('E1', 11),
('F1', 11),
('A2', 11),
('B2', 11),
('C2', 11),
('D2', 11),
('E2', 11),
('F2', 11),
('A3', 11),
('B3', 11),
('C3', 11),
('D3', 11),
('E3', 11),
('F3', 11),
('A4', 11),
('B4', 11),
('C4', 11),
('D4', 11),
('E4', 11),
('F4', 11),
('A5', 11),
('B5', 11),
('C5', 11),
('D5', 11),
('E5', 11),
('F5', 11),
('A6', 11),
('B6', 11),
('C6', 11),
('D6', 11),
('E6', 11),
('F6', 11),
('A7', 11),
('B7', 11),
('C7', 11),
('D7', 11),
('E7', 11),
('F7', 11),
('A8', 11),
('B8', 11),
('C8', 11),
('D8', 11),
('E8', 11),
('F8', 11),
('A9', 11),
('B9', 11),
('C9', 11),
('D9', 11),
('E9', 11),
('F9', 11),
('A10', 11),
('B10', 11),
('C10', 11),
('D10', 11),
('E10', 11),
('F10', 11),
('A11', 11),
('B11', 11),
('C11', 11),
('D11', 11),
('E11', 11),
('F11', 11),
('A12', 11),
('B12', 11),
('C12', 11),
('D12', 11),
('E12', 11),
('F12', 11),
('A13', 11),
('B13', 11),
('C13', 11),
('D13', 11),
('E13', 11),
('F13', 11),
('A14', 11),
('B14', 11),
('C14', 11),
('D14', 11),
('E14', 11),
('F14', 11),
('A15', 11),
('B15', 11),
('C15', 11),
('D15', 11),
('E15', 11),
('F15', 11),
('A16', 11),
('B16', 11),
('C16', 11),
('D16', 11),
('E16', 11),
('F16', 11),
('A17', 11),
('B17', 11),
('C17', 11),
('D17', 11),
('E17', 11),
('F17', 11),
('A18', 11),
('B18', 11),
('C18', 11),
('D18', 11),
('E18', 11),
('F18', 11),
('A19', 11),
('B19', 11),
('C19', 11),
('D19', 11),
('E19', 11),
('F19', 11),
('A20', 11),
('B20', 11),
('C20', 11),
('D20', 11),
('E20', 11),
('F20', 11),
('A21', 11),
('B21', 11),
('C21', 11),
('D21', 11),
('E21', 11),
('F21', 11),
('A22', 11),
('B22', 11),
('C22', 11),
('D22', 11),
('E22', 11),
('F22', 11),
('A23', 11),
('B23', 11),
('C23', 11),
('D23', 11),
('E23', 11),
('F23', 11),
('A24', 11),
('B24', 11),
('C24', 11),
('D24', 11),
('E24', 11),
('F24', 11),
('A25', 11),
('B25', 11),
('C25', 11),
('D25', 11),
('E25', 11),
('F25', 11),
('A26', 11),
('B26', 11),
('C26', 11),
('D26', 11),
('E26', 11),
('F26', 11),
('A27', 11),
('B27', 11),
('C27', 11),
('D27', 11),
('E27', 11),
('F27', 11),
('A28', 11),
('B28', 11),
('C28', 11),
('D28', 11),
('E28', 11),
('F28', 11),
('A29', 11),
('B29', 11),
('C29', 11),
('D29', 11),
('E29', 11),
('F29', 11),
('A30', 11),
('B30', 11),
('C30', 11),
('D30', 11),
('E30', 11),
('F30', 11),
('A31', 11),
('B31', 11),
('C31', 11),
('D31', 11),
('E31', 11),
('F31', 11),
('A32', 11),
('B32', 11),
('C32', 11),
('D32', 11),
('E32', 11),
('F32', 11),
('A1', 12),
('B1', 12),
('C1', 12),
('D1', 12),
('E1', 12),
('F1', 12),
('A2', 12),
('B2', 12),
('C2', 12),
('D2', 12),
('E2', 12),
('F2', 12),
('A3', 12),
('B3', 12),
('C3', 12),
('D3', 12),
('E3', 12),
('F3', 12),
('A4', 12),
('B4', 12),
('C4', 12),
('D4', 12),
('E4', 12),
('F4', 12),
('A5', 12),
('B5', 12),
('C5', 12),
('D5', 12),
('E5', 12),
('F5', 12),
('A6', 12),
('B6', 12),
('C6', 12),
('D6', 12),
('E6', 12),
('F6', 12),
('A7', 12),
('B7', 12),
('C7', 12),
('D7', 12),
('E7', 12),
('F7', 12),
('A8', 12),
('B8', 12),
('C8', 12),
('D8', 12),
('E8', 12),
('F8', 12),
('A9', 12),
('B9', 12),
('C9', 12),
('D9', 12),
('E9', 12),
('F9', 12),
('A10', 12),
('B10', 12),
('C10', 12),
('D10', 12),
('E10', 12),
('F10', 12),
('A11', 12),
('B11', 12),
('C11', 12),
('D11', 12),
('E11', 12),
('F11', 12),
('A12', 12),
('B12', 12),
('C12', 12),
('D12', 12),
('E12', 12),
('F12', 12),
('A13', 12),
('B13', 12),
('C13', 12),
('D13', 12),
('E13', 12),
('F13', 12),
('A14', 12),
('B14', 12),
('C14', 12),
('D14', 12),
('E14', 12),
('F14', 12),
('A15', 12),
('B15', 12),
('C15', 12),
('D15', 12),
('E15', 12),
('F15', 12),
('A16', 12),
('B16', 12),
('C16', 12),
('D16', 12),
('E16', 12),
('F16', 12),
('A17', 12),
('B17', 12),
('C17', 12),
('D17', 12),
('E17', 12),
('F17', 12),
('A18', 12),
('B18', 12),
('C18', 12),
('D18', 12),
('E18', 12),
('F18', 12),
('A19', 12),
('B19', 12),
('C19', 12),
('D19', 12),
('E19', 12),
('F19', 12),
('A20', 12),
('B20', 12),
('C20', 12),
('D20', 12),
('E20', 12),
('F20', 12),
('A21', 12),
('B21', 12),
('C21', 12),
('D21', 12),
('E21', 12),
('F21', 12),
('A22', 12),
('B22', 12),
('C22', 12),
('D22', 12),
('E22', 12),
('F22', 12),
('A23', 12),
('B23', 12),
('C23', 12),
('D23', 12),
('E23', 12),
('F23', 12),
('A24', 12),
('B24', 12),
('C24', 12),
('D24', 12),
('E24', 12),
('F24', 12),
('A25', 12),
('B25', 12),
('C25', 12),
('D25', 12),
('E25', 12),
('F25', 12),
('A26', 12),
('B26', 12),
('C26', 12),
('D26', 12),
('E26', 12),
('F26', 12),
('A27', 12),
('B27', 12),
('C27', 12),
('D27', 12),
('E27', 12),
('F27', 12),
('A28', 12),
('B28', 12),
('C28', 12),
('D28', 12),
('E28', 12),
('F28', 12),
('A29', 12),
('B29', 12),
('C29', 12),
('D29', 12),
('E29', 12),
('F29', 12),
('A30', 12),
('B30', 12),
('C30', 12),
('D30', 12),
('E30', 12),
('F30', 12),
('A31', 12),
('B31', 12),
('C31', 12),
('D31', 12),
('E31', 12),
('F31', 12),
('A32', 12),
('B32', 12),
('C32', 12),
('D32', 12),
('E32', 12),
('F32', 12),
('A1', 13),
('B1', 13),
('C1', 13),
('D1', 13),
('E1', 13),
('F1', 13),
('A2', 13),
('B2', 13),
('C2', 13),
('D2', 13),
('E2', 13),
('F2', 13),
('A3', 13),
('B3', 13),
('C3', 13),
('D3', 13),
('E3', 13),
('F3', 13),
('A4', 13),
('B4', 13),
('C4', 13),
('D4', 13),
('E4', 13),
('F4', 13),
('A5', 13),
('B5', 13),
('C5', 13),
('D5', 13),
('E5', 13),
('F5', 13),
('A6', 13),
('B6', 13),
('C6', 13),
('D6', 13),
('E6', 13),
('F6', 13),
('A7', 13),
('B7', 13),
('C7', 13),
('D7', 13),
('E7', 13),
('F7', 13),
('A8', 13),
('B8', 13),
('C8', 13),
('D8', 13),
('E8', 13),
('F8', 13),
('A9', 13),
('B9', 13),
('C9', 13),
('D9', 13),
('E9', 13),
('F9', 13),
('A10', 13),
('B10', 13),
('C10', 13),
('D10', 13),
('E10', 13),
('F10', 13),
('A11', 13),
('B11', 13),
('C11', 13),
('D11', 13),
('E11', 13),
('F11', 13),
('A12', 13),
('B12', 13),
('C12', 13),
('D12', 13),
('E12', 13),
('F12', 13),
('A13', 13),
('B13', 13),
('C13', 13),
('D13', 13),
('E13', 13),
('F13', 13),
('A14', 13),
('B14', 13),
('C14', 13),
('D14', 13),
('E14', 13),
('F14', 13),
('A15', 13),
('B15', 13),
('C15', 13),
('D15', 13),
('E15', 13),
('F15', 13),
('A16', 13),
('B16', 13),
('C16', 13),
('D16', 13),
('E16', 13),
('F16', 13),
('A17', 13),
('B17', 13),
('C17', 13),
('D17', 13),
('E17', 13),
('F17', 13),
('A18', 13),
('B18', 13),
('C18', 13),
('D18', 13),
('E18', 13),
('F18', 13),
('A19', 13),
('B19', 13),
('C19', 13),
('D19', 13),
('E19', 13),
('F19', 13),
('A20', 13),
('B20', 13),
('C20', 13),
('D20', 13),
('E20', 13),
('F20', 13),
('A21', 13),
('B21', 13),
('C21', 13),
('D21', 13),
('E21', 13),
('F21', 13),
('A22', 13),
('B22', 13),
('C22', 13),
('D22', 13),
('E22', 13),
('F22', 13),
('A23', 13),
('B23', 13),
('C23', 13),
('D23', 13),
('E23', 13),
('F23', 13),
('A24', 13),
('B24', 13),
('C24', 13),
('D24', 13),
('E24', 13),
('F24', 13),
('A25', 13),
('B25', 13),
('C25', 13),
('D25', 13),
('E25', 13),
('F25', 13),
('A26', 13),
('B26', 13),
('C26', 13),
('D26', 13),
('E26', 13),
('F26', 13),
('A27', 13),
('B27', 13),
('C27', 13),
('D27', 13),
('E27', 13),
('F27', 13),
('A28', 13),
('B28', 13),
('C28', 13),
('D28', 13),
('E28', 13),
('F28', 13),
('A29', 13),
('B29', 13),
('C29', 13),
('D29', 13),
('E29', 13),
('F29', 13),
('A30', 13),
('B30', 13),
('C30', 13),
('D30', 13),
('E30', 13),
('F30', 13),
('A31', 13),
('B31', 13),
('C31', 13),
('D31', 13),
('E31', 13),
('F31', 13),
('A32', 13),
('B32', 13),
('C32', 13),
('D32', 13),
('E32', 13),
('F32', 13),
('A1', 14),
('B1', 14),
('C1', 14),
('D1', 14),
('E1', 14),
('F1', 14),
('A2', 14),
('B2', 14),
('C2', 14),
('D2', 14),
('E2', 14),
('F2', 14),
('A3', 14),
('B3', 14),
('C3', 14),
('D3', 14),
('E3', 14),
('F3', 14),
('A4', 14),
('B4', 14),
('C4', 14),
('D4', 14),
('E4', 14),
('F4', 14),
('A5', 14),
('B5', 14),
('C5', 14),
('D5', 14),
('E5', 14),
('F5', 14),
('A6', 14),
('B6', 14),
('C6', 14),
('D6', 14),
('E6', 14),
('F6', 14),
('A7', 14),
('B7', 14),
('C7', 14),
('D7', 14),
('E7', 14),
('F7', 14),
('A8', 14),
('B8', 14),
('C8', 14),
('D8', 14),
('E8', 14),
('F8', 14),
('A9', 14),
('B9', 14),
('C9', 14),
('D9', 14),
('E9', 14),
('F9', 14),
('A10', 14),
('B10', 14),
('C10', 14),
('D10', 14),
('E10', 14),
('F10', 14),
('A11', 14),
('B11', 14),
('C11', 14),
('D11', 14),
('E11', 14),
('F11', 14),
('A12', 14),
('B12', 14),
('C12', 14),
('D12', 14),
('E12', 14),
('F12', 14),
('A13', 14),
('B13', 14),
('C13', 14),
('D13', 14),
('E13', 14),
('F13', 14),
('A14', 14),
('B14', 14),
('C14', 14),
('D14', 14),
('E14', 14),
('F14', 14),
('A15', 14),
('B15', 14),
('C15', 14),
('D15', 14),
('E15', 14),
('F15', 14),
('A16', 14),
('B16', 14),
('C16', 14),
('D16', 14),
('E16', 14),
('F16', 14),
('A17', 14),
('B17', 14),
('C17', 14),
('D17', 14),
('E17', 14),
('F17', 14),
('A18', 14),
('B18', 14),
('C18', 14),
('D18', 14),
('E18', 14),
('F18', 14),
('A19', 14),
('B19', 14),
('C19', 14),
('D19', 14),
('E19', 14),
('F19', 14),
('A20', 14),
('B20', 14),
('C20', 14),
('D20', 14),
('E20', 14),
('F20', 14),
('A21', 14),
('B21', 14),
('C21', 14),
('D21', 14),
('E21', 14),
('F21', 14),
('A22', 14),
('B22', 14),
('C22', 14),
('D22', 14),
('E22', 14),
('F22', 14),
('A23', 14),
('B23', 14),
('C23', 14),
('D23', 14),
('E23', 14),
('F23', 14),
('A24', 14),
('B24', 14),
('C24', 14),
('D24', 14),
('E24', 14),
('F24', 14),
('A25', 14),
('B25', 14),
('C25', 14),
('D25', 14),
('E25', 14),
('F25', 14),
('A26', 14),
('B26', 14),
('C26', 14),
('D26', 14),
('E26', 14),
('F26', 14),
('A27', 14),
('B27', 14),
('C27', 14),
('D27', 14),
('E27', 14),
('F27', 14),
('A28', 14),
('B28', 14),
('C28', 14),
('D28', 14),
('E28', 14),
('F28', 14),
('A29', 14),
('B29', 14),
('C29', 14),
('D29', 14),
('E29', 14),
('F29', 14),
('A30', 14),
('B30', 14),
('C30', 14),
('D30', 14),
('E30', 14),
('F30', 14),
('A31', 14),
('B31', 14),
('C31', 14),
('D31', 14),
('E31', 14),
('F31', 14),
('A32', 14),
('B32', 14),
('C32', 14),
('D32', 14),
('E32', 14),
('F32', 14),
('A1', 15),
('B1', 15),
('C1', 15),
('D1', 15),
('E1', 15),
('F1', 15),
('A2', 15),
('B2', 15),
('C2', 15),
('D2', 15),
('E2', 15),
('F2', 15),
('A3', 15),
('B3', 15),
('C3', 15),
('D3', 15),
('E3', 15),
('F3', 15),
('A4', 15),
('B4', 15),
('C4', 15),
('D4', 15),
('E4', 15),
('F4', 15),
('A5', 15),
('B5', 15),
('C5', 15),
('D5', 15),
('E5', 15),
('F5', 15),
('A6', 15),
('B6', 15),
('C6', 15),
('D6', 15),
('E6', 15),
('F6', 15),
('A7', 15),
('B7', 15),
('C7', 15),
('D7', 15),
('E7', 15),
('F7', 15),
('A8', 15),
('B8', 15),
('C8', 15),
('D8', 15),
('E8', 15),
('F8', 15),
('A9', 15),
('B9', 15),
('C9', 15),
('D9', 15),
('E9', 15),
('F9', 15),
('A10', 15),
('B10', 15),
('C10', 15),
('D10', 15),
('E10', 15),
('F10', 15),
('A11', 15),
('B11', 15),
('C11', 15),
('D11', 15),
('E11', 15),
('F11', 15),
('A12', 15),
('B12', 15),
('C12', 15),
('D12', 15),
('E12', 15),
('F12', 15),
('A13', 15),
('B13', 15),
('C13', 15),
('D13', 15),
('E13', 15),
('F13', 15),
('A14', 15),
('B14', 15),
('C14', 15),
('D14', 15),
('E14', 15),
('F14', 15),
('A15', 15),
('B15', 15),
('C15', 15),
('D15', 15),
('E15', 15),
('F15', 15),
('A16', 15),
('B16', 15),
('C16', 15),
('D16', 15),
('E16', 15),
('F16', 15),
('A17', 15),
('B17', 15),
('C17', 15),
('D17', 15),
('E17', 15),
('F17', 15),
('A18', 15),
('B18', 15),
('C18', 15),
('D18', 15),
('E18', 15),
('F18', 15),
('A19', 15),
('B19', 15),
('C19', 15),
('D19', 15),
('E19', 15),
('F19', 15),
('A20', 15),
('B20', 15),
('C20', 15),
('D20', 15),
('E20', 15),
('F20', 15),
('A21', 15),
('B21', 15),
('C21', 15),
('D21', 15),
('E21', 15),
('F21', 15),
('A22', 15),
('B22', 15),
('C22', 15),
('D22', 15),
('E22', 15),
('F22', 15),
('A23', 15),
('B23', 15),
('C23', 15),
('D23', 15),
('E23', 15),
('F23', 15),
('A24', 15),
('B24', 15),
('C24', 15),
('D24', 15),
('E24', 15),
('F24', 15),
('A25', 15),
('B25', 15),
('C25', 15),
('D25', 15),
('E25', 15),
('F25', 15),
('A26', 15),
('B26', 15),
('C26', 15),
('D26', 15),
('E26', 15),
('F26', 15),
('A27', 15),
('B27', 15),
('C27', 15),
('D27', 15),
('E27', 15),
('F27', 15),
('A28', 15),
('B28', 15),
('C28', 15),
('D28', 15),
('E28', 15),
('F28', 15),
('A29', 15),
('B29', 15),
('C29', 15),
('D29', 15),
('E29', 15),
('F29', 15),
('A30', 15),
('B30', 15),
('C30', 15),
('D30', 15),
('E30', 15),
('F30', 15),
('A31', 15),
('B31', 15),
('C31', 15),
('D31', 15),
('E31', 15),
('F31', 15),
('A32', 15),
('B32', 15),
('C32', 15),
('D32', 15),
('E32', 15),
('F32', 15),
('A1', 16),
('B1', 16),
('C1', 16),
('D1', 16),
('E1', 16),
('F1', 16),
('A2', 16),
('B2', 16),
('C2', 16),
('D2', 16),
('E2', 16),
('F2', 16),
('A3', 16),
('B3', 16),
('C3', 16),
('D3', 16),
('E3', 16),
('F3', 16),
('A4', 16),
('B4', 16),
('C4', 16),
('D4', 16),
('E4', 16),
('F4', 16),
('A5', 16),
('B5', 16),
('C5', 16),
('D5', 16),
('E5', 16),
('F5', 16),
('A6', 16),
('B6', 16),
('C6', 16),
('D6', 16),
('E6', 16),
('F6', 16),
('A7', 16),
('B7', 16),
('C7', 16),
('D7', 16),
('E7', 16),
('F7', 16),
('A8', 16),
('B8', 16),
('C8', 16),
('D8', 16),
('E8', 16),
('F8', 16),
('A9', 16),
('B9', 16),
('C9', 16),
('D9', 16),
('E9', 16),
('F9', 16),
('A10', 16),
('B10', 16),
('C10', 16),
('D10', 16),
('E10', 16),
('F10', 16),
('A11', 16),
('B11', 16),
('C11', 16),
('D11', 16),
('E11', 16),
('F11', 16),
('A12', 16),
('B12', 16),
('C12', 16),
('D12', 16),
('E12', 16),
('F12', 16),
('A13', 16),
('B13', 16),
('C13', 16),
('D13', 16),
('E13', 16),
('F13', 16),
('A14', 16),
('B14', 16),
('C14', 16),
('D14', 16),
('E14', 16),
('F14', 16),
('A15', 16),
('B15', 16),
('C15', 16),
('D15', 16),
('E15', 16),
('F15', 16),
('A16', 16),
('B16', 16),
('C16', 16),
('D16', 16),
('E16', 16),
('F16', 16),
('A17', 16),
('B17', 16),
('C17', 16),
('D17', 16),
('E17', 16),
('F17', 16),
('A18', 16),
('B18', 16),
('C18', 16),
('D18', 16),
('E18', 16),
('F18', 16),
('A19', 16),
('B19', 16),
('C19', 16),
('D19', 16),
('E19', 16),
('F19', 16),
('A20', 16),
('B20', 16),
('C20', 16),
('D20', 16),
('E20', 16),
('F20', 16),
('A21', 16),
('B21', 16),
('C21', 16),
('D21', 16),
('E21', 16),
('F21', 16),
('A22', 16),
('B22', 16),
('C22', 16),
('D22', 16),
('E22', 16),
('F22', 16),
('A23', 16),
('B23', 16),
('C23', 16),
('D23', 16),
('E23', 16),
('F23', 16),
('A24', 16),
('B24', 16),
('C24', 16),
('D24', 16),
('E24', 16),
('F24', 16),
('A25', 16),
('B25', 16),
('C25', 16),
('D25', 16),
('E25', 16),
('F25', 16),
('A26', 16),
('B26', 16),
('C26', 16),
('D26', 16),
('E26', 16),
('F26', 16),
('A27', 16),
('B27', 16),
('C27', 16),
('D27', 16),
('E27', 16),
('F27', 16),
('A28', 16),
('B28', 16),
('C28', 16),
('D28', 16),
('E28', 16),
('F28', 16),
('A29', 16),
('B29', 16),
('C29', 16),
('D29', 16),
('E29', 16),
('F29', 16),
('A30', 16),
('B30', 16),
('C30', 16),
('D30', 16),
('E30', 16),
('F30', 16),
('A31', 16),
('B31', 16),
('C31', 16),
('D31', 16),
('E31', 16),
('F31', 16),
('A32', 16),
('B32', 16),
('C32', 16),
('D32', 16),
('E32', 16),
('F32', 16),
('A1', 17),
('B1', 17),
('C1', 17),
('D1', 17),
('E1', 17),
('F1', 17),
('A2', 17),
('B2', 17),
('C2', 17),
('D2', 17),
('E2', 17),
('F2', 17),
('A3', 17),
('B3', 17),
('C3', 17),
('D3', 17),
('E3', 17),
('F3', 17),
('A4', 17),
('B4', 17),
('C4', 17),
('D4', 17),
('E4', 17),
('F4', 17),
('A5', 17),
('B5', 17),
('C5', 17),
('D5', 17),
('E5', 17),
('F5', 17),
('A6', 17),
('B6', 17),
('C6', 17),
('D6', 17),
('E6', 17),
('F6', 17),
('A7', 17),
('B7', 17),
('C7', 17),
('D7', 17),
('E7', 17),
('F7', 17),
('A8', 17),
('B8', 17),
('C8', 17),
('D8', 17),
('E8', 17),
('F8', 17),
('A9', 17),
('B9', 17),
('C9', 17),
('D9', 17),
('E9', 17),
('F9', 17),
('A10', 17),
('B10', 17),
('C10', 17),
('D10', 17),
('E10', 17),
('F10', 17),
('A11', 17),
('B11', 17),
('C11', 17),
('D11', 17),
('E11', 17),
('F11', 17),
('A12', 17),
('B12', 17),
('C12', 17),
('D12', 17),
('E12', 17),
('F12', 17),
('A13', 17),
('B13', 17),
('C13', 17),
('D13', 17),
('E13', 17),
('F13', 17),
('A14', 17),
('B14', 17),
('C14', 17),
('D14', 17),
('E14', 17),
('F14', 17),
('A15', 17),
('B15', 17),
('C15', 17),
('D15', 17),
('E15', 17),
('F15', 17),
('A16', 17),
('B16', 17),
('C16', 17),
('D16', 17),
('E16', 17),
('F16', 17),
('A17', 17),
('B17', 17),
('C17', 17),
('D17', 17),
('E17', 17),
('F17', 17),
('A18', 17),
('B18', 17),
('C18', 17),
('D18', 17),
('E18', 17),
('F18', 17),
('A19', 17),
('B19', 17),
('C19', 17),
('D19', 17),
('E19', 17),
('F19', 17),
('A20', 17),
('B20', 17),
('C20', 17),
('D20', 17),
('E20', 17),
('F20', 17),
('A21', 17),
('B21', 17),
('C21', 17),
('D21', 17),
('E21', 17),
('F21', 17),
('A22', 17),
('B22', 17),
('C22', 17),
('D22', 17),
('E22', 17),
('F22', 17),
('A23', 17),
('B23', 17),
('C23', 17),
('D23', 17),
('E23', 17),
('F23', 17),
('A24', 17),
('B24', 17),
('C24', 17),
('D24', 17),
('E24', 17),
('F24', 17),
('A25', 17),
('B25', 17),
('C25', 17),
('D25', 17),
('E25', 17),
('F25', 17),
('A26', 17),
('B26', 17),
('C26', 17),
('D26', 17),
('E26', 17),
('F26', 17),
('A27', 17),
('B27', 17),
('C27', 17),
('D27', 17),
('E27', 17),
('F27', 17),
('A28', 17),
('B28', 17),
('C28', 17),
('D28', 17),
('E28', 17),
('F28', 17),
('A29', 17),
('B29', 17),
('C29', 17),
('D29', 17),
('E29', 17),
('F29', 17),
('A30', 17),
('B30', 17),
('C30', 17),
('D30', 17),
('E30', 17),
('F30', 17),
('A31', 17),
('B31', 17),
('C31', 17),
('D31', 17),
('E31', 17),
('F31', 17),
('A32', 17),
('B32', 17),
('C32', 17),
('D32', 17),
('E32', 17),
('F32', 17),
('A1', 18),
('B1', 18),
('C1', 18),
('D1', 18),
('E1', 18),
('F1', 18),
('A2', 18),
('B2', 18),
('C2', 18),
('D2', 18),
('E2', 18),
('F2', 18),
('A3', 18),
('B3', 18),
('C3', 18),
('D3', 18),
('E3', 18),
('F3', 18),
('A4', 18),
('B4', 18),
('C4', 18),
('D4', 18),
('E4', 18),
('F4', 18),
('A5', 18),
('B5', 18),
('C5', 18),
('D5', 18),
('E5', 18),
('F5', 18),
('A6', 18),
('B6', 18),
('C6', 18),
('D6', 18),
('E6', 18),
('F6', 18),
('A7', 18),
('B7', 18),
('C7', 18),
('D7', 18),
('E7', 18),
('F7', 18),
('A8', 18),
('B8', 18),
('C8', 18),
('D8', 18),
('E8', 18),
('F8', 18),
('A9', 18),
('B9', 18),
('C9', 18),
('D9', 18),
('E9', 18),
('F9', 18),
('A10', 18),
('B10', 18),
('C10', 18),
('D10', 18),
('E10', 18),
('F10', 18),
('A11', 18),
('B11', 18),
('C11', 18),
('D11', 18),
('E11', 18),
('F11', 18),
('A12', 18),
('B12', 18),
('C12', 18),
('D12', 18),
('E12', 18),
('F12', 18),
('A13', 18),
('B13', 18),
('C13', 18),
('D13', 18),
('E13', 18),
('F13', 18),
('A14', 18),
('B14', 18),
('C14', 18),
('D14', 18),
('E14', 18),
('F14', 18),
('A15', 18),
('B15', 18),
('C15', 18),
('D15', 18),
('E15', 18),
('F15', 18),
('A16', 18),
('B16', 18),
('C16', 18),
('D16', 18),
('E16', 18),
('F16', 18),
('A17', 18),
('B17', 18),
('C17', 18),
('D17', 18),
('E17', 18),
('F17', 18),
('A18', 18),
('B18', 18),
('C18', 18),
('D18', 18),
('E18', 18),
('F18', 18),
('A19', 18),
('B19', 18),
('C19', 18),
('D19', 18),
('E19', 18),
('F19', 18),
('A20', 18),
('B20', 18),
('C20', 18),
('D20', 18),
('E20', 18),
('F20', 18),
('A21', 18),
('B21', 18),
('C21', 18),
('D21', 18),
('E21', 18),
('F21', 18),
('A22', 18),
('B22', 18),
('C22', 18),
('D22', 18),
('E22', 18),
('F22', 18),
('A23', 18),
('B23', 18),
('C23', 18),
('D23', 18),
('E23', 18),
('F23', 18),
('A24', 18),
('B24', 18),
('C24', 18),
('D24', 18),
('E24', 18),
('F24', 18),
('A25', 18),
('B25', 18),
('C25', 18),
('D25', 18),
('E25', 18),
('F25', 18),
('A26', 18),
('B26', 18),
('C26', 18),
('D26', 18),
('E26', 18),
('F26', 18),
('A27', 18),
('B27', 18),
('C27', 18),
('D27', 18),
('E27', 18),
('F27', 18),
('A28', 18),
('B28', 18),
('C28', 18),
('D28', 18),
('E28', 18),
('F28', 18),
('A29', 18),
('B29', 18),
('C29', 18),
('D29', 18),
('E29', 18),
('F29', 18),
('A30', 18),
('B30', 18),
('C30', 18),
('D30', 18),
('E30', 18),
('F30', 18),
('A31', 18),
('B31', 18),
('C31', 18),
('D31', 18),
('E31', 18),
('F31', 18),
('A32', 18),
('B32', 18),
('C32', 18),
('D32', 18),
('E32', 18),
('F32', 18),
('A1', 19),
('B1', 19),
('C1', 19),
('D1', 19),
('E1', 19),
('F1', 19),
('A2', 19),
('B2', 19),
('C2', 19),
('D2', 19),
('E2', 19),
('F2', 19),
('A3', 19),
('B3', 19),
('C3', 19),
('D3', 19),
('E3', 19),
('F3', 19),
('A4', 19),
('B4', 19),
('C4', 19),
('D4', 19),
('E4', 19),
('F4', 19),
('A5', 19),
('B5', 19),
('C5', 19),
('D5', 19),
('E5', 19),
('F5', 19),
('A6', 19),
('B6', 19),
('C6', 19),
('D6', 19),
('E6', 19),
('F6', 19),
('A7', 19),
('B7', 19),
('C7', 19),
('D7', 19),
('E7', 19),
('F7', 19),
('A8', 19),
('B8', 19),
('C8', 19),
('D8', 19),
('E8', 19),
('F8', 19),
('A9', 19),
('B9', 19),
('C9', 19),
('D9', 19),
('E9', 19),
('F9', 19),
('A10', 19),
('B10', 19),
('C10', 19),
('D10', 19),
('E10', 19),
('F10', 19),
('A11', 19),
('B11', 19),
('C11', 19),
('D11', 19),
('E11', 19),
('F11', 19),
('A12', 19),
('B12', 19),
('C12', 19),
('D12', 19),
('E12', 19),
('F12', 19),
('A13', 19),
('B13', 19),
('C13', 19),
('D13', 19),
('E13', 19),
('F13', 19),
('A14', 19),
('B14', 19),
('C14', 19),
('D14', 19),
('E14', 19),
('F14', 19),
('A15', 19),
('B15', 19),
('C15', 19),
('D15', 19),
('E15', 19),
('F15', 19),
('A16', 19),
('B16', 19),
('C16', 19),
('D16', 19),
('E16', 19),
('F16', 19),
('A17', 19),
('B17', 19),
('C17', 19),
('D17', 19),
('E17', 19),
('F17', 19),
('A18', 19),
('B18', 19),
('C18', 19),
('D18', 19),
('E18', 19),
('F18', 19),
('A19', 19),
('B19', 19),
('C19', 19),
('D19', 19),
('E19', 19),
('F19', 19),
('A20', 19),
('B20', 19),
('C20', 19),
('D20', 19),
('E20', 19),
('F20', 19),
('A21', 19),
('B21', 19),
('C21', 19),
('D21', 19),
('E21', 19),
('F21', 19),
('A22', 19),
('B22', 19),
('C22', 19),
('D22', 19),
('E22', 19),
('F22', 19),
('A23', 19),
('B23', 19),
('C23', 19),
('D23', 19),
('E23', 19),
('F23', 19),
('A24', 19),
('B24', 19),
('C24', 19),
('D24', 19),
('E24', 19),
('F24', 19),
('A25', 19),
('B25', 19),
('C25', 19),
('D25', 19),
('E25', 19),
('F25', 19),
('A26', 19),
('B26', 19),
('C26', 19),
('D26', 19),
('E26', 19),
('F26', 19),
('A27', 19),
('B27', 19),
('C27', 19),
('D27', 19),
('E27', 19),
('F27', 19),
('A28', 19),
('B28', 19),
('C28', 19),
('D28', 19),
('E28', 19),
('F28', 19),
('A29', 19),
('B29', 19),
('C29', 19),
('D29', 19),
('E29', 19),
('F29', 19),
('A30', 19),
('B30', 19),
('C30', 19),
('D30', 19),
('E30', 19),
('F30', 19),
('A31', 19),
('B31', 19),
('C31', 19),
('D31', 19),
('E31', 19),
('F31', 19),
('A32', 19),
('B32', 19),
('C32', 19),
('D32', 19),
('E32', 19),
('F32', 19),
('A1', 20),
('B1', 20),
('C1', 20),
('D1', 20),
('E1', 20),
('F1', 20),
('A2', 20),
('B2', 20),
('C2', 20),
('D2', 20),
('E2', 20),
('F2', 20),
('A3', 20),
('B3', 20),
('C3', 20),
('D3', 20),
('E3', 20),
('F3', 20),
('A4', 20),
('B4', 20),
('C4', 20),
('D4', 20),
('E4', 20),
('F4', 20),
('A5', 20),
('B5', 20),
('C5', 20),
('D5', 20),
('E5', 20),
('F5', 20),
('A6', 20),
('B6', 20),
('C6', 20),
('D6', 20),
('E6', 20),
('F6', 20),
('A7', 20),
('B7', 20),
('C7', 20),
('D7', 20),
('E7', 20),
('F7', 20),
('A8', 20),
('B8', 20),
('C8', 20),
('D8', 20),
('E8', 20),
('F8', 20),
('A9', 20),
('B9', 20),
('C9', 20),
('D9', 20),
('E9', 20),
('F9', 20),
('A10', 20),
('B10', 20),
('C10', 20),
('D10', 20),
('E10', 20),
('F10', 20),
('A11', 20),
('B11', 20),
('C11', 20),
('D11', 20),
('E11', 20),
('F11', 20),
('A12', 20),
('B12', 20),
('C12', 20),
('D12', 20),
('E12', 20),
('F12', 20),
('A13', 20),
('B13', 20),
('C13', 20),
('D13', 20),
('E13', 20),
('F13', 20),
('A14', 20),
('B14', 20),
('C14', 20),
('D14', 20),
('E14', 20),
('F14', 20),
('A15', 20),
('B15', 20),
('C15', 20),
('D15', 20),
('E15', 20),
('F15', 20),
('A16', 20),
('B16', 20),
('C16', 20),
('D16', 20),
('E16', 20),
('F16', 20),
('A17', 20),
('B17', 20),
('C17', 20),
('D17', 20),
('E17', 20),
('F17', 20),
('A18', 20),
('B18', 20),
('C18', 20),
('D18', 20),
('E18', 20),
('F18', 20),
('A19', 20),
('B19', 20),
('C19', 20),
('D19', 20),
('E19', 20),
('F19', 20),
('A20', 20),
('B20', 20),
('C20', 20),
('D20', 20),
('E20', 20),
('F20', 20),
('A21', 20),
('B21', 20),
('C21', 20),
('D21', 20),
('E21', 20),
('F21', 20),
('A22', 20),
('B22', 20),
('C22', 20),
('D22', 20),
('E22', 20),
('F22', 20),
('A23', 20),
('B23', 20),
('C23', 20),
('D23', 20),
('E23', 20),
('F23', 20),
('A24', 20),
('B24', 20),
('C24', 20),
('D24', 20),
('E24', 20),
('F24', 20),
('A25', 20),
('B25', 20),
('C25', 20),
('D25', 20),
('E25', 20),
('F25', 20),
('A26', 20),
('B26', 20),
('C26', 20),
('D26', 20),
('E26', 20),
('F26', 20),
('A27', 20),
('B27', 20),
('C27', 20),
('D27', 20),
('E27', 20),
('F27', 20),
('A28', 20),
('B28', 20),
('C28', 20),
('D28', 20),
('E28', 20),
('F28', 20),
('A29', 20),
('B29', 20),
('C29', 20),
('D29', 20),
('E29', 20),
('F29', 20),
('A30', 20),
('B30', 20),
('C30', 20),
('D30', 20),
('E30', 20),
('F30', 20),
('A31', 20),
('B31', 20),
('C31', 20),
('D31', 20),
('E31', 20),
('F31', 20),
('A32', 20),
('B32', 20),
('C32', 20),
('D32', 20),
('E32', 20),
('F32', 20),
('A1', 21),
('B1', 21),
('C1', 21),
('D1', 21),
('E1', 21),
('F1', 21),
('A2', 21),
('B2', 21),
('C2', 21),
('D2', 21),
('E2', 21),
('F2', 21),
('A3', 21),
('B3', 21),
('C3', 21),
('D3', 21),
('E3', 21),
('F3', 21),
('A4', 21),
('B4', 21),
('C4', 21),
('D4', 21),
('E4', 21),
('F4', 21),
('A5', 21),
('B5', 21),
('C5', 21),
('D5', 21),
('E5', 21),
('F5', 21),
('A6', 21),
('B6', 21),
('C6', 21),
('D6', 21),
('E6', 21),
('F6', 21),
('A7', 21),
('B7', 21),
('C7', 21),
('D7', 21),
('E7', 21),
('F7', 21),
('A8', 21),
('B8', 21),
('C8', 21),
('D8', 21),
('E8', 21),
('F8', 21),
('A9', 21),
('B9', 21),
('C9', 21),
('D9', 21),
('E9', 21),
('F9', 21),
('A10', 21),
('B10', 21),
('C10', 21),
('D10', 21),
('E10', 21),
('F10', 21),
('A11', 21),
('B11', 21),
('C11', 21),
('D11', 21),
('E11', 21),
('F11', 21),
('A12', 21),
('B12', 21),
('C12', 21),
('D12', 21),
('E12', 21),
('F12', 21),
('A13', 21),
('B13', 21),
('C13', 21),
('D13', 21),
('E13', 21),
('F13', 21),
('A14', 21),
('B14', 21),
('C14', 21),
('D14', 21),
('E14', 21),
('F14', 21),
('A15', 21),
('B15', 21),
('C15', 21),
('D15', 21),
('E15', 21),
('F15', 21),
('A16', 21),
('B16', 21),
('C16', 21),
('D16', 21),
('E16', 21),
('F16', 21),
('A17', 21),
('B17', 21),
('C17', 21),
('D17', 21),
('E17', 21),
('F17', 21),
('A18', 21),
('B18', 21),
('C18', 21),
('D18', 21),
('E18', 21),
('F18', 21),
('A19', 21),
('B19', 21),
('C19', 21),
('D19', 21),
('E19', 21),
('F19', 21),
('A20', 21),
('B20', 21),
('C20', 21),
('D20', 21),
('E20', 21),
('F20', 21),
('A21', 21),
('B21', 21),
('C21', 21),
('D21', 21),
('E21', 21),
('F21', 21),
('A22', 21),
('B22', 21),
('C22', 21),
('D22', 21),
('E22', 21),
('F22', 21),
('A23', 21),
('B23', 21),
('C23', 21),
('D23', 21),
('E23', 21),
('F23', 21),
('A24', 21),
('B24', 21),
('C24', 21),
('D24', 21),
('E24', 21),
('F24', 21),
('A25', 21),
('B25', 21),
('C25', 21),
('D25', 21),
('E25', 21),
('F25', 21),
('A26', 21),
('B26', 21),
('C26', 21),
('D26', 21),
('E26', 21),
('F26', 21),
('A27', 21),
('B27', 21),
('C27', 21),
('D27', 21),
('E27', 21),
('F27', 21),
('A28', 21),
('B28', 21),
('C28', 21),
('D28', 21),
('E28', 21),
('F28', 21),
('A29', 21),
('B29', 21),
('C29', 21),
('D29', 21),
('E29', 21),
('F29', 21),
('A30', 21),
('B30', 21),
('C30', 21),
('D30', 21),
('E30', 21),
('F30', 21),
('A31', 21),
('B31', 21),
('C31', 21),
('D31', 21),
('E31', 21),
('F31', 21),
('A32', 21),
('B32', 21),
('C32', 21),
('D32', 21),
('E32', 21),
('F32', 21),
('A1', 22),
('B1', 22),
('C1', 22),
('D1', 22),
('E1', 22),
('F1', 22),
('A2', 22),
('B2', 22),
('C2', 22),
('D2', 22),
('E2', 22),
('F2', 22),
('A3', 22),
('B3', 22),
('C3', 22),
('D3', 22),
('E3', 22),
('F3', 22),
('A4', 22),
('B4', 22),
('C4', 22),
('D4', 22),
('E4', 22),
('F4', 22),
('A5', 22),
('B5', 22),
('C5', 22),
('D5', 22),
('E5', 22),
('F5', 22),
('A6', 22),
('B6', 22),
('C6', 22),
('D6', 22),
('E6', 22),
('F6', 22),
('A7', 22),
('B7', 22),
('C7', 22),
('D7', 22),
('E7', 22),
('F7', 22),
('A8', 22),
('B8', 22),
('C8', 22),
('D8', 22),
('E8', 22),
('F8', 22),
('A9', 22),
('B9', 22),
('C9', 22),
('D9', 22),
('E9', 22),
('F9', 22),
('A10', 22),
('B10', 22),
('C10', 22),
('D10', 22),
('E10', 22),
('F10', 22),
('A11', 22),
('B11', 22),
('C11', 22),
('D11', 22),
('E11', 22),
('F11', 22),
('A12', 22),
('B12', 22),
('C12', 22),
('D12', 22),
('E12', 22),
('F12', 22),
('A13', 22),
('B13', 22),
('C13', 22),
('D13', 22),
('E13', 22),
('F13', 22),
('A14', 22),
('B14', 22),
('C14', 22),
('D14', 22),
('E14', 22),
('F14', 22),
('A15', 22),
('B15', 22),
('C15', 22),
('D15', 22),
('E15', 22),
('F15', 22),
('A16', 22),
('B16', 22),
('C16', 22),
('D16', 22),
('E16', 22),
('F16', 22),
('A17', 22),
('B17', 22),
('C17', 22),
('D17', 22),
('E17', 22),
('F17', 22),
('A18', 22),
('B18', 22),
('C18', 22),
('D18', 22),
('E18', 22),
('F18', 22),
('A19', 22),
('B19', 22),
('C19', 22),
('D19', 22),
('E19', 22),
('F19', 22),
('A20', 22),
('B20', 22),
('C20', 22),
('D20', 22),
('E20', 22),
('F20', 22),
('A21', 22),
('B21', 22),
('C21', 22),
('D21', 22),
('E21', 22),
('F21', 22),
('A22', 22),
('B22', 22),
('C22', 22),
('D22', 22),
('E22', 22),
('F22', 22),
('A23', 22),
('B23', 22),
('C23', 22),
('D23', 22),
('E23', 22),
('F23', 22),
('A24', 22),
('B24', 22),
('C24', 22),
('D24', 22),
('E24', 22),
('F24', 22),
('A25', 22),
('B25', 22),
('C25', 22),
('D25', 22),
('E25', 22),
('F25', 22),
('A26', 22),
('B26', 22),
('C26', 22),
('D26', 22),
('E26', 22),
('F26', 22),
('A27', 22),
('B27', 22),
('C27', 22),
('D27', 22),
('E27', 22),
('F27', 22),
('A28', 22),
('B28', 22),
('C28', 22),
('D28', 22),
('E28', 22),
('F28', 22),
('A29', 22),
('B29', 22),
('C29', 22),
('D29', 22),
('E29', 22),
('F29', 22),
('A30', 22),
('B30', 22),
('C30', 22),
('D30', 22),
('E30', 22),
('F30', 22),
('A31', 22),
('B31', 22),
('C31', 22),
('D31', 22),
('E31', 22),
('F31', 22),
('A32', 22),
('B32', 22),
('C32', 22),
('D32', 22),
('E32', 22),
('F32', 22),
('A1', 23),
('B1', 23),
('C1', 23),
('D1', 23),
('E1', 23),
('F1', 23),
('A2', 23),
('B2', 23),
('C2', 23),
('D2', 23),
('E2', 23),
('F2', 23),
('A3', 23),
('B3', 23),
('C3', 23),
('D3', 23),
('E3', 23),
('F3', 23),
('A4', 23),
('B4', 23),
('C4', 23),
('D4', 23),
('E4', 23),
('F4', 23),
('A5', 23),
('B5', 23),
('C5', 23),
('D5', 23),
('E5', 23),
('F5', 23),
('A6', 23),
('B6', 23),
('C6', 23),
('D6', 23),
('E6', 23),
('F6', 23),
('A7', 23),
('B7', 23),
('C7', 23),
('D7', 23),
('E7', 23),
('F7', 23),
('A8', 23),
('B8', 23),
('C8', 23),
('D8', 23),
('E8', 23),
('F8', 23),
('A9', 23),
('B9', 23),
('C9', 23),
('D9', 23),
('E9', 23),
('F9', 23),
('A10', 23),
('B10', 23),
('C10', 23),
('D10', 23),
('E10', 23),
('F10', 23),
('A11', 23),
('B11', 23),
('C11', 23),
('D11', 23),
('E11', 23),
('F11', 23),
('A12', 23),
('B12', 23),
('C12', 23),
('D12', 23),
('E12', 23),
('F12', 23),
('A13', 23),
('B13', 23),
('C13', 23),
('D13', 23),
('E13', 23),
('F13', 23),
('A14', 23),
('B14', 23),
('C14', 23),
('D14', 23),
('E14', 23),
('F14', 23),
('A15', 23),
('B15', 23),
('C15', 23),
('D15', 23),
('E15', 23),
('F15', 23),
('A16', 23),
('B16', 23),
('C16', 23),
('D16', 23),
('E16', 23),
('F16', 23),
('A17', 23),
('B17', 23),
('C17', 23),
('D17', 23),
('E17', 23),
('F17', 23),
('A18', 23),
('B18', 23),
('C18', 23),
('D18', 23),
('E18', 23),
('F18', 23),
('A19', 23),
('B19', 23),
('C19', 23),
('D19', 23),
('E19', 23),
('F19', 23),
('A20', 23),
('B20', 23),
('C20', 23),
('D20', 23),
('E20', 23),
('F20', 23),
('A21', 23),
('B21', 23),
('C21', 23),
('D21', 23),
('E21', 23),
('F21', 23),
('A22', 23),
('B22', 23),
('C22', 23),
('D22', 23),
('E22', 23),
('F22', 23),
('A23', 23),
('B23', 23),
('C23', 23),
('D23', 23),
('E23', 23),
('F23', 23),
('A24', 23),
('B24', 23),
('C24', 23),
('D24', 23),
('E24', 23),
('F24', 23),
('A25', 23),
('B25', 23),
('C25', 23),
('D25', 23),
('E25', 23),
('F25', 23),
('A26', 23),
('B26', 23),
('C26', 23),
('D26', 23),
('E26', 23),
('F26', 23),
('A27', 23),
('B27', 23),
('C27', 23),
('D27', 23),
('E27', 23),
('F27', 23),
('A28', 23),
('B28', 23),
('C28', 23),
('D28', 23),
('E28', 23),
('F28', 23),
('A29', 23),
('B29', 23),
('C29', 23),
('D29', 23),
('E29', 23),
('F29', 23),
('A30', 23),
('B30', 23),
('C30', 23),
('D30', 23),
('E30', 23),
('F30', 23),
('A31', 23),
('B31', 23),
('C31', 23),
('D31', 23),
('E31', 23),
('F31', 23),
('A32', 23),
('B32', 23),
('C32', 23),
('D32', 23),
('E32', 23),
('F32', 23),
('A1', 24),
('B1', 24),
('C1', 24),
('D1', 24),
('E1', 24),
('F1', 24),
('A2', 24),
('B2', 24),
('C2', 24),
('D2', 24),
('E2', 24),
('F2', 24),
('A3', 24),
('B3', 24),
('C3', 24),
('D3', 24),
('E3', 24),
('F3', 24),
('A4', 24),
('B4', 24),
('C4', 24),
('D4', 24),
('E4', 24),
('F4', 24),
('A5', 24),
('B5', 24),
('C5', 24),
('D5', 24),
('E5', 24),
('F5', 24),
('A6', 24),
('B6', 24),
('C6', 24),
('D6', 24),
('E6', 24),
('F6', 24),
('A7', 24),
('B7', 24),
('C7', 24),
('D7', 24),
('E7', 24),
('F7', 24),
('A8', 24),
('B8', 24),
('C8', 24),
('D8', 24),
('E8', 24),
('F8', 24),
('A9', 24),
('B9', 24),
('C9', 24),
('D9', 24),
('E9', 24),
('F9', 24),
('A10', 24),
('B10', 24),
('C10', 24),
('D10', 24),
('E10', 24),
('F10', 24),
('A11', 24),
('B11', 24),
('C11', 24),
('D11', 24),
('E11', 24),
('F11', 24),
('A12', 24),
('B12', 24),
('C12', 24),
('D12', 24),
('E12', 24),
('F12', 24),
('A13', 24),
('B13', 24),
('C13', 24),
('D13', 24),
('E13', 24),
('F13', 24),
('A14', 24),
('B14', 24),
('C14', 24),
('D14', 24),
('E14', 24),
('F14', 24),
('A15', 24),
('B15', 24),
('C15', 24),
('D15', 24),
('E15', 24),
('F15', 24),
('A16', 24),
('B16', 24),
('C16', 24),
('D16', 24),
('E16', 24),
('F16', 24),
('A17', 24),
('B17', 24),
('C17', 24),
('D17', 24),
('E17', 24),
('F17', 24),
('A18', 24),
('B18', 24),
('C18', 24),
('D18', 24),
('E18', 24),
('F18', 24),
('A19', 24),
('B19', 24),
('C19', 24),
('D19', 24),
('E19', 24),
('F19', 24),
('A20', 24),
('B20', 24),
('C20', 24),
('D20', 24),
('E20', 24),
('F20', 24),
('A21', 24),
('B21', 24),
('C21', 24),
('D21', 24),
('E21', 24),
('F21', 24),
('A22', 24),
('B22', 24),
('C22', 24),
('D22', 24),
('E22', 24),
('F22', 24),
('A23', 24),
('B23', 24),
('C23', 24),
('D23', 24),
('E23', 24),
('F23', 24),
('A24', 24),
('B24', 24),
('C24', 24),
('D24', 24),
('E24', 24),
('F24', 24),
('A25', 24),
('B25', 24),
('C25', 24),
('D25', 24),
('E25', 24),
('F25', 24),
('A26', 24),
('B26', 24),
('C26', 24),
('D26', 24),
('E26', 24),
('F26', 24),
('A27', 24),
('B27', 24),
('C27', 24),
('D27', 24),
('E27', 24),
('F27', 24),
('A28', 24),
('B28', 24),
('C28', 24),
('D28', 24),
('E28', 24),
('F28', 24),
('A29', 24),
('B29', 24),
('C29', 24),
('D29', 24),
('E29', 24),
('F29', 24),
('A30', 24),
('B30', 24),
('C30', 24),
('D30', 24),
('E30', 24),
('F30', 24),
('A31', 24),
('B31', 24),
('C31', 24),
('D31', 24),
('E31', 24),
('F31', 24),
('A32', 24),
('B32', 24),
('C32', 24),
('D32', 24),
('E32', 24),
('F32', 24),
('A1', 25),
('B1', 25),
('C1', 25),
('D1', 25),
('E1', 25),
('F1', 25),
('A2', 25),
('B2', 25),
('C2', 25),
('D2', 25),
('E2', 25),
('F2', 25),
('A3', 25),
('B3', 25),
('C3', 25),
('D3', 25),
('E3', 25),
('F3', 25),
('A4', 25),
('B4', 25),
('C4', 25),
('D4', 25),
('E4', 25),
('F4', 25),
('A5', 25),
('B5', 25),
('C5', 25),
('D5', 25),
('E5', 25),
('F5', 25),
('A6', 25),
('B6', 25),
('C6', 25),
('D6', 25),
('E6', 25),
('F6', 25),
('A7', 25),
('B7', 25),
('C7', 25),
('D7', 25),
('E7', 25),
('F7', 25),
('A8', 25),
('B8', 25),
('C8', 25),
('D8', 25),
('E8', 25),
('F8', 25),
('A9', 25),
('B9', 25),
('C9', 25),
('D9', 25),
('E9', 25),
('F9', 25),
('A10', 25),
('B10', 25),
('C10', 25),
('D10', 25),
('E10', 25),
('F10', 25),
('A11', 25),
('B11', 25),
('C11', 25),
('D11', 25),
('E11', 25),
('F11', 25),
('A12', 25),
('B12', 25),
('C12', 25),
('D12', 25),
('E12', 25),
('F12', 25),
('A13', 25),
('B13', 25),
('C13', 25),
('D13', 25),
('E13', 25),
('F13', 25),
('A14', 25),
('B14', 25),
('C14', 25),
('D14', 25),
('E14', 25),
('F14', 25),
('A15', 25),
('B15', 25),
('C15', 25),
('D15', 25),
('E15', 25),
('F15', 25),
('A16', 25),
('B16', 25),
('C16', 25),
('D16', 25),
('E16', 25),
('F16', 25),
('A17', 25),
('B17', 25),
('C17', 25),
('D17', 25),
('E17', 25),
('F17', 25),
('A18', 25),
('B18', 25),
('C18', 25),
('D18', 25),
('E18', 25),
('F18', 25),
('A19', 25),
('B19', 25),
('C19', 25),
('D19', 25),
('E19', 25),
('F19', 25),
('A20', 25),
('B20', 25),
('C20', 25),
('D20', 25),
('E20', 25),
('F20', 25),
('A21', 25),
('B21', 25),
('C21', 25),
('D21', 25),
('E21', 25),
('F21', 25),
('A22', 25),
('B22', 25),
('C22', 25),
('D22', 25),
('E22', 25),
('F22', 25),
('A23', 25),
('B23', 25),
('C23', 25),
('D23', 25),
('E23', 25),
('F23', 25),
('A24', 25),
('B24', 25),
('C24', 25),
('D24', 25),
('E24', 25),
('F24', 25),
('A25', 25),
('B25', 25),
('C25', 25),
('D25', 25),
('E25', 25),
('F25', 25),
('A26', 25),
('B26', 25),
('C26', 25),
('D26', 25),
('E26', 25),
('F26', 25),
('A27', 25),
('B27', 25),
('C27', 25),
('D27', 25),
('E27', 25),
('F27', 25),
('A28', 25),
('B28', 25),
('C28', 25),
('D28', 25),
('E28', 25),
('F28', 25),
('A29', 25),
('B29', 25),
('C29', 25),
('D29', 25),
('E29', 25),
('F29', 25),
('A30', 25),
('B30', 25),
('C30', 25),
('D30', 25),
('E30', 25),
('F30', 25),
('A31', 25),
('B31', 25),
('C31', 25),
('D31', 25),
('E31', 25),
('F31', 25),
('A32', 25),
('B32', 25),
('C32', 25),
('D32', 25),
('E32', 25),
('F32', 25),
('A1', 26),
('B1', 26),
('C1', 26),
('D1', 26),
('E1', 26),
('F1', 26),
('A2', 26),
('B2', 26),
('C2', 26),
('D2', 26),
('E2', 26),
('F2', 26),
('A3', 26),
('B3', 26),
('C3', 26),
('D3', 26),
('E3', 26),
('F3', 26),
('A4', 26),
('B4', 26),
('C4', 26),
('D4', 26);
INSERT INTO `ucak_koltuk` (`koltuk_no`, `ucak_id`) VALUES
('E4', 26),
('F4', 26),
('A5', 26),
('B5', 26),
('C5', 26),
('D5', 26),
('E5', 26),
('F5', 26),
('A6', 26),
('B6', 26),
('C6', 26),
('D6', 26),
('E6', 26),
('F6', 26),
('A7', 26),
('B7', 26),
('C7', 26),
('D7', 26),
('E7', 26),
('F7', 26),
('A8', 26),
('B8', 26),
('C8', 26),
('D8', 26),
('E8', 26),
('F8', 26),
('A9', 26),
('B9', 26),
('C9', 26),
('D9', 26),
('E9', 26),
('F9', 26),
('A10', 26),
('B10', 26),
('C10', 26),
('D10', 26),
('E10', 26),
('F10', 26),
('A11', 26),
('B11', 26),
('C11', 26),
('D11', 26),
('E11', 26),
('F11', 26),
('A12', 26),
('B12', 26),
('C12', 26),
('D12', 26),
('E12', 26),
('F12', 26),
('A13', 26),
('B13', 26),
('C13', 26),
('D13', 26),
('E13', 26),
('F13', 26),
('A14', 26),
('B14', 26),
('C14', 26),
('D14', 26),
('E14', 26),
('F14', 26),
('A15', 26),
('B15', 26),
('C15', 26),
('D15', 26),
('E15', 26),
('F15', 26),
('A16', 26),
('B16', 26),
('C16', 26),
('D16', 26),
('E16', 26),
('F16', 26),
('A17', 26),
('B17', 26),
('C17', 26),
('D17', 26),
('E17', 26),
('F17', 26),
('A18', 26),
('B18', 26),
('C18', 26),
('D18', 26),
('E18', 26),
('F18', 26),
('A19', 26),
('B19', 26),
('C19', 26),
('D19', 26),
('E19', 26),
('F19', 26),
('A20', 26),
('B20', 26),
('C20', 26),
('D20', 26),
('E20', 26),
('F20', 26),
('A21', 26),
('B21', 26),
('C21', 26),
('D21', 26),
('E21', 26),
('F21', 26),
('A22', 26),
('B22', 26),
('C22', 26),
('D22', 26),
('E22', 26),
('F22', 26),
('A23', 26),
('B23', 26),
('C23', 26),
('D23', 26),
('E23', 26),
('F23', 26),
('A24', 26),
('B24', 26),
('C24', 26),
('D24', 26),
('E24', 26),
('F24', 26),
('A25', 26),
('B25', 26),
('C25', 26),
('D25', 26),
('E25', 26),
('F25', 26),
('A26', 26),
('B26', 26),
('C26', 26),
('D26', 26),
('E26', 26),
('F26', 26),
('A27', 26),
('B27', 26),
('C27', 26),
('D27', 26),
('E27', 26),
('F27', 26),
('A28', 26),
('B28', 26),
('C28', 26),
('D28', 26),
('E28', 26),
('F28', 26),
('A29', 26),
('B29', 26),
('C29', 26),
('D29', 26),
('E29', 26),
('F29', 26),
('A30', 26),
('B30', 26),
('C30', 26),
('D30', 26),
('E30', 26),
('F30', 26),
('A31', 26),
('B31', 26),
('C31', 26),
('D31', 26),
('E31', 26),
('F31', 26),
('A32', 26),
('B32', 26),
('C32', 26),
('D32', 26),
('E32', 26),
('F32', 26),
('A1', 27),
('B1', 27),
('C1', 27),
('D1', 27),
('E1', 27),
('F1', 27),
('A2', 27),
('B2', 27),
('C2', 27),
('D2', 27),
('E2', 27),
('F2', 27),
('A3', 27),
('B3', 27),
('C3', 27),
('D3', 27),
('E3', 27),
('F3', 27),
('A4', 27),
('B4', 27),
('C4', 27),
('D4', 27),
('E4', 27),
('F4', 27),
('A5', 27),
('B5', 27),
('C5', 27),
('D5', 27),
('E5', 27),
('F5', 27),
('A6', 27),
('B6', 27),
('C6', 27),
('D6', 27),
('E6', 27),
('F6', 27),
('A7', 27),
('B7', 27),
('C7', 27),
('D7', 27),
('E7', 27),
('F7', 27),
('A8', 27),
('B8', 27),
('C8', 27),
('D8', 27),
('E8', 27),
('F8', 27),
('A9', 27),
('B9', 27),
('C9', 27),
('D9', 27),
('E9', 27),
('F9', 27),
('A10', 27),
('B10', 27),
('C10', 27),
('D10', 27),
('E10', 27),
('F10', 27),
('A11', 27),
('B11', 27),
('C11', 27),
('D11', 27),
('E11', 27),
('F11', 27),
('A12', 27),
('B12', 27),
('C12', 27),
('D12', 27),
('E12', 27),
('F12', 27),
('A13', 27),
('B13', 27),
('C13', 27),
('D13', 27),
('E13', 27),
('F13', 27),
('A14', 27),
('B14', 27),
('C14', 27),
('D14', 27),
('E14', 27),
('F14', 27),
('A15', 27),
('B15', 27),
('C15', 27),
('D15', 27),
('E15', 27),
('F15', 27),
('A16', 27),
('B16', 27),
('C16', 27),
('D16', 27),
('E16', 27),
('F16', 27),
('A17', 27),
('B17', 27),
('C17', 27),
('D17', 27),
('E17', 27),
('F17', 27),
('A18', 27),
('B18', 27),
('C18', 27),
('D18', 27),
('E18', 27),
('F18', 27),
('A19', 27),
('B19', 27),
('C19', 27),
('D19', 27),
('E19', 27),
('F19', 27),
('A20', 27),
('B20', 27),
('C20', 27),
('D20', 27),
('E20', 27),
('F20', 27),
('A21', 27),
('B21', 27),
('C21', 27),
('D21', 27),
('E21', 27),
('F21', 27),
('A22', 27),
('B22', 27),
('C22', 27),
('D22', 27),
('E22', 27),
('F22', 27),
('A23', 27),
('B23', 27),
('C23', 27),
('D23', 27),
('E23', 27),
('F23', 27),
('A24', 27),
('B24', 27),
('C24', 27),
('D24', 27),
('E24', 27),
('F24', 27),
('A25', 27),
('B25', 27),
('C25', 27),
('D25', 27),
('E25', 27),
('F25', 27),
('A26', 27),
('B26', 27),
('C26', 27),
('D26', 27),
('E26', 27),
('F26', 27),
('A27', 27),
('B27', 27),
('C27', 27),
('D27', 27),
('E27', 27),
('F27', 27),
('A28', 27),
('B28', 27),
('C28', 27),
('D28', 27),
('E28', 27),
('F28', 27),
('A29', 27),
('B29', 27),
('C29', 27),
('D29', 27),
('E29', 27),
('F29', 27),
('A30', 27),
('B30', 27),
('C30', 27),
('D30', 27),
('E30', 27),
('F30', 27),
('A31', 27),
('B31', 27),
('C31', 27),
('D31', 27),
('E31', 27),
('F31', 27),
('A32', 27),
('B32', 27),
('C32', 27),
('D32', 27),
('E32', 27),
('F32', 27),
('A1', 28),
('B1', 28),
('C1', 28),
('D1', 28),
('E1', 28),
('F1', 28),
('A2', 28),
('B2', 28),
('C2', 28),
('D2', 28),
('E2', 28),
('F2', 28),
('A3', 28),
('B3', 28),
('C3', 28),
('D3', 28),
('E3', 28),
('F3', 28),
('A4', 28),
('B4', 28),
('C4', 28),
('D4', 28),
('E4', 28),
('F4', 28),
('A5', 28),
('B5', 28),
('C5', 28),
('D5', 28),
('E5', 28),
('F5', 28),
('A6', 28),
('B6', 28),
('C6', 28),
('D6', 28),
('E6', 28),
('F6', 28),
('A7', 28),
('B7', 28),
('C7', 28),
('D7', 28),
('E7', 28),
('F7', 28),
('A8', 28),
('B8', 28),
('C8', 28),
('D8', 28),
('E8', 28),
('F8', 28),
('A9', 28),
('B9', 28),
('C9', 28),
('D9', 28),
('E9', 28),
('F9', 28),
('A10', 28),
('B10', 28),
('C10', 28),
('D10', 28),
('E10', 28),
('F10', 28),
('A11', 28),
('B11', 28),
('C11', 28),
('D11', 28),
('E11', 28),
('F11', 28),
('A12', 28),
('B12', 28),
('C12', 28),
('D12', 28),
('E12', 28),
('F12', 28),
('A13', 28),
('B13', 28),
('C13', 28),
('D13', 28),
('E13', 28),
('F13', 28),
('A14', 28),
('B14', 28),
('C14', 28),
('D14', 28),
('E14', 28),
('F14', 28),
('A15', 28),
('B15', 28),
('C15', 28),
('D15', 28),
('E15', 28),
('F15', 28),
('A16', 28),
('B16', 28),
('C16', 28),
('D16', 28),
('E16', 28),
('F16', 28),
('A17', 28),
('B17', 28),
('C17', 28),
('D17', 28),
('E17', 28),
('F17', 28),
('A18', 28),
('B18', 28),
('C18', 28),
('D18', 28),
('E18', 28),
('F18', 28),
('A19', 28),
('B19', 28),
('C19', 28),
('D19', 28),
('E19', 28),
('F19', 28),
('A20', 28),
('B20', 28),
('C20', 28),
('D20', 28),
('E20', 28),
('F20', 28),
('A21', 28),
('B21', 28),
('C21', 28),
('D21', 28),
('E21', 28),
('F21', 28),
('A22', 28),
('B22', 28),
('C22', 28),
('D22', 28),
('E22', 28),
('F22', 28),
('A23', 28),
('B23', 28),
('C23', 28),
('D23', 28),
('E23', 28),
('F23', 28),
('A24', 28),
('B24', 28),
('C24', 28),
('D24', 28),
('E24', 28),
('F24', 28),
('A25', 28),
('B25', 28),
('C25', 28),
('D25', 28),
('E25', 28),
('F25', 28),
('A26', 28),
('B26', 28),
('C26', 28),
('D26', 28),
('E26', 28),
('F26', 28),
('A27', 28),
('B27', 28),
('C27', 28),
('D27', 28),
('E27', 28),
('F27', 28),
('A28', 28),
('B28', 28),
('C28', 28),
('D28', 28),
('E28', 28),
('F28', 28),
('A29', 28),
('B29', 28),
('C29', 28),
('D29', 28),
('E29', 28),
('F29', 28),
('A30', 28),
('B30', 28),
('C30', 28),
('D30', 28),
('E30', 28),
('F30', 28),
('A31', 28),
('B31', 28),
('C31', 28),
('D31', 28),
('E31', 28),
('F31', 28),
('A32', 28),
('B32', 28),
('C32', 28),
('D32', 28),
('E32', 28),
('F32', 28),
('A1', 29),
('B1', 29),
('C1', 29),
('D1', 29),
('E1', 29),
('F1', 29),
('A2', 29),
('B2', 29),
('C2', 29),
('D2', 29),
('E2', 29),
('F2', 29),
('A3', 29),
('B3', 29),
('C3', 29),
('D3', 29),
('E3', 29),
('F3', 29),
('A4', 29),
('B4', 29),
('C4', 29),
('D4', 29),
('E4', 29),
('F4', 29),
('A5', 29),
('B5', 29),
('C5', 29),
('D5', 29),
('E5', 29),
('F5', 29),
('A6', 29),
('B6', 29),
('C6', 29),
('D6', 29),
('E6', 29),
('F6', 29),
('A7', 29),
('B7', 29),
('C7', 29),
('D7', 29),
('E7', 29),
('F7', 29),
('A8', 29),
('B8', 29),
('C8', 29),
('D8', 29),
('E8', 29),
('F8', 29),
('A9', 29),
('B9', 29),
('C9', 29),
('D9', 29),
('E9', 29),
('F9', 29),
('A10', 29),
('B10', 29),
('C10', 29),
('D10', 29),
('E10', 29),
('F10', 29),
('A11', 29),
('B11', 29),
('C11', 29),
('D11', 29),
('E11', 29),
('F11', 29),
('A12', 29),
('B12', 29),
('C12', 29),
('D12', 29),
('E12', 29),
('F12', 29),
('A13', 29),
('B13', 29),
('C13', 29),
('D13', 29),
('E13', 29),
('F13', 29),
('A14', 29),
('B14', 29),
('C14', 29),
('D14', 29),
('E14', 29),
('F14', 29),
('A15', 29),
('B15', 29),
('C15', 29),
('D15', 29),
('E15', 29),
('F15', 29),
('A16', 29),
('B16', 29),
('C16', 29),
('D16', 29),
('E16', 29),
('F16', 29),
('A17', 29),
('B17', 29),
('C17', 29),
('D17', 29),
('E17', 29),
('F17', 29),
('A18', 29),
('B18', 29),
('C18', 29),
('D18', 29),
('E18', 29),
('F18', 29),
('A19', 29),
('B19', 29),
('C19', 29),
('D19', 29),
('E19', 29),
('F19', 29),
('A20', 29),
('B20', 29),
('C20', 29),
('D20', 29),
('E20', 29),
('F20', 29),
('A21', 29),
('B21', 29),
('C21', 29),
('D21', 29),
('E21', 29),
('F21', 29),
('A22', 29),
('B22', 29),
('C22', 29),
('D22', 29),
('E22', 29),
('F22', 29),
('A23', 29),
('B23', 29),
('C23', 29),
('D23', 29),
('E23', 29),
('F23', 29),
('A24', 29),
('B24', 29),
('C24', 29),
('D24', 29),
('E24', 29),
('F24', 29),
('A25', 29),
('B25', 29),
('C25', 29),
('D25', 29),
('E25', 29),
('F25', 29),
('A26', 29),
('B26', 29),
('C26', 29),
('D26', 29),
('E26', 29),
('F26', 29),
('A27', 29),
('B27', 29),
('C27', 29),
('D27', 29),
('E27', 29),
('F27', 29),
('A28', 29),
('B28', 29),
('C28', 29),
('D28', 29),
('E28', 29),
('F28', 29),
('A29', 29),
('B29', 29),
('C29', 29),
('D29', 29),
('E29', 29),
('F29', 29),
('A30', 29),
('B30', 29),
('C30', 29),
('D30', 29),
('E30', 29),
('F30', 29),
('A31', 29),
('B31', 29),
('C31', 29),
('D31', 29),
('E31', 29),
('F31', 29),
('A32', 29),
('B32', 29),
('C32', 29),
('D32', 29),
('E32', 29),
('F32', 29),
('A1', 30),
('B1', 30),
('C1', 30),
('D1', 30),
('E1', 30),
('F1', 30),
('A2', 30),
('B2', 30),
('C2', 30),
('D2', 30),
('E2', 30),
('F2', 30),
('A3', 30),
('B3', 30),
('C3', 30),
('D3', 30),
('E3', 30),
('F3', 30),
('A4', 30),
('B4', 30),
('C4', 30),
('D4', 30),
('E4', 30),
('F4', 30),
('A5', 30),
('B5', 30),
('C5', 30),
('D5', 30),
('E5', 30),
('F5', 30),
('A6', 30),
('B6', 30),
('C6', 30),
('D6', 30),
('E6', 30),
('F6', 30),
('A7', 30),
('B7', 30),
('C7', 30),
('D7', 30),
('E7', 30),
('F7', 30),
('A8', 30),
('B8', 30),
('C8', 30),
('D8', 30),
('E8', 30),
('F8', 30),
('A9', 30),
('B9', 30),
('C9', 30),
('D9', 30),
('E9', 30),
('F9', 30),
('A10', 30),
('B10', 30),
('C10', 30),
('D10', 30),
('E10', 30),
('F10', 30),
('A11', 30),
('B11', 30),
('C11', 30),
('D11', 30),
('E11', 30),
('F11', 30),
('A12', 30),
('B12', 30),
('C12', 30),
('D12', 30),
('E12', 30),
('F12', 30),
('A13', 30),
('B13', 30),
('C13', 30),
('D13', 30),
('E13', 30),
('F13', 30),
('A14', 30),
('B14', 30),
('C14', 30),
('D14', 30),
('E14', 30),
('F14', 30),
('A15', 30),
('B15', 30),
('C15', 30),
('D15', 30),
('E15', 30),
('F15', 30),
('A16', 30),
('B16', 30),
('C16', 30),
('D16', 30),
('E16', 30),
('F16', 30),
('A17', 30),
('B17', 30),
('C17', 30),
('D17', 30),
('E17', 30),
('F17', 30),
('A18', 30),
('B18', 30),
('C18', 30),
('D18', 30),
('E18', 30),
('F18', 30),
('A19', 30),
('B19', 30),
('C19', 30),
('D19', 30),
('E19', 30),
('F19', 30),
('A20', 30),
('B20', 30),
('C20', 30),
('D20', 30),
('E20', 30),
('F20', 30),
('A21', 30),
('B21', 30),
('C21', 30),
('D21', 30),
('E21', 30),
('F21', 30),
('A22', 30),
('B22', 30),
('C22', 30),
('D22', 30),
('E22', 30),
('F22', 30),
('A23', 30),
('B23', 30),
('C23', 30),
('D23', 30),
('E23', 30),
('F23', 30),
('A24', 30),
('B24', 30),
('C24', 30),
('D24', 30),
('E24', 30),
('F24', 30),
('A25', 30),
('B25', 30),
('C25', 30),
('D25', 30),
('E25', 30),
('F25', 30),
('A26', 30),
('B26', 30),
('C26', 30),
('D26', 30),
('E26', 30),
('F26', 30),
('A27', 30),
('B27', 30),
('C27', 30),
('D27', 30),
('E27', 30),
('F27', 30),
('A28', 30),
('B28', 30),
('C28', 30),
('D28', 30),
('E28', 30),
('F28', 30),
('A29', 30),
('B29', 30),
('C29', 30),
('D29', 30),
('E29', 30),
('F29', 30),
('A30', 30),
('B30', 30),
('C30', 30),
('D30', 30),
('E30', 30),
('F30', 30),
('A31', 30),
('B31', 30),
('C31', 30),
('D31', 30),
('E31', 30),
('F31', 30),
('A32', 30),
('B32', 30),
('C32', 30),
('D32', 30),
('E32', 30),
('F32', 30);

-- --------------------------------------------------------

--
-- Tablo için tablo yapısı `ucak_model`
--

CREATE TABLE `ucak_model` (
  `ucak_model_id` int(11) NOT NULL,
  `koltuk_sayisi` int(11) NOT NULL,
  `model_adi` varchar(50) NOT NULL
) ENGINE=InnoDB DEFAULT CHARSET=utf8mb4 COLLATE=utf8mb4_general_ci;

--
-- Tablo döküm verisi `ucak_model`
--

INSERT INTO `ucak_model` (`ucak_model_id`, `koltuk_sayisi`, `model_adi`) VALUES
(1, 192, 'SkyFlyer 2000'),
(2, 192, 'AirJet XL'),
(3, 192, 'TurboWing 400'),
(4, 192, 'MaxCruiser 900'),
(5, 192, 'EcoWings 320'),
(6, 192, 'SwiftGlide 600'),
(7, 192, 'AeroStar 180'),
(8, 192, 'FlightMaster 880'),
(9, 192, 'VelocityJet 3000'),
(10, 192, 'UltraWings 700'),
(11, 192, 'JetStream 500'),
(12, 192, 'SkyHawk 250'),
(13, 192, 'AirXpress 1200'),
(14, 192, 'TurboCruiser 1500'),
(15, 192, 'GlideMax 110'),
(16, 192, 'EagleWings 550'),
(17, 192, 'VoyageJet 200'),
(18, 192, 'AirGlide 800'),
(19, 192, 'PowerWing 100'),
(20, 192, 'SpeedStar 450'),
(21, 192, 'Boeing 747'),
(22, 192, 'Airbus A380'),
(23, 192, 'Boeing 777'),
(24, 192, 'Airbus A320'),
(25, 192, 'Embraer E190'),
(26, 192, 'Bombardier Challenger 300'),
(27, 192, 'Cessna Citation X'),
(28, 192, 'Gulfstream G650'),
(29, 192, 'Boeing 787 Dreamliner'),
(30, 192, 'Airbus A350'),
(31, 192, 'Embraer Phenom 300'),
(32, 192, 'Bombardier Global 7500'),
(33, 192, 'Cessna Citation Longitude'),
(34, 192, 'Gulfstream G550'),
(35, 192, 'Boeing 737'),
(36, 192, 'Airbus A330'),
(37, 192, 'Embraer Legacy 650'),
(38, 192, 'Bombardier Global 6000'),
(39, 192, 'Cessna Citation Sovereign'),
(40, 192, 'Gulfstream G280'),
(41, 192, 'Boeing 767'),
(42, 192, 'Airbus A319'),
(43, 192, 'Embraer Lineage 1000'),
(44, 192, 'Bombardier Challenger 350'),
(45, 192, 'Cessna Citation CJ4'),
(46, 192, 'Gulfstream G450'),
(47, 192, 'Boeing 757'),
(48, 192, 'Airbus A321'),
(49, 192, 'Embraer E175'),
(50, 192, 'Bombardier Learjet 75'),
(51, 192, 'Cessna Citation CJ3+'),
(52, 192, 'Gulfstream G500'),
(53, 192, 'Boeing 717'),
(54, 192, 'Airbus A318'),
(55, 192, 'Embraer E145'),
(56, 192, 'Bombardier Learjet 45XR'),
(57, 192, 'Cessna Citation M2'),
(58, 192, 'Gulfstream G350'),
(59, 192, 'Boeing 747'),
(60, 192, 'Airbus A380'),
(61, 192, 'Boeing 777'),
(62, 192, 'Airbus A320'),
(63, 192, 'Embraer E190'),
(64, 192, 'Bombardier Challenger 300'),
(65, 192, 'Cessna Citation X'),
(66, 192, 'Gulfstream G650'),
(67, 192, 'Boeing 787 Dreamliner'),
(68, 192, 'Airbus A350'),
(69, 192, 'Embraer Phenom 300'),
(70, 192, 'Bombardier Global 7500'),
(71, 192, 'Cessna Citation Longitude'),
(72, 192, 'Gulfstream G550'),
(73, 192, 'Boeing 737'),
(74, 192, 'Airbus A330'),
(75, 192, 'Embraer Legacy 650'),
(76, 192, 'Bombardier Global 6000'),
(77, 192, 'Cessna Citation Sovereign'),
(78, 192, 'Gulfstream G280'),
(79, 192, 'Boeing 767'),
(80, 192, 'Airbus A319'),
(81, 192, 'Embraer Lineage 1000'),
(82, 192, 'Bombardier Challenger 350'),
(83, 192, 'Cessna Citation CJ4'),
(84, 192, 'Gulfstream G450'),
(85, 192, 'Boeing 757'),
(86, 192, 'Airbus A321'),
(87, 192, 'Embraer E175'),
(88, 192, 'Bombardier Learjet 75'),
(89, 192, 'Cessna Citation CJ3+'),
(90, 192, 'Gulfstream G500'),
(91, 192, 'Boeing 717'),
(92, 192, 'Airbus A318'),
(93, 192, 'Embraer E145'),
(94, 192, 'Bombardier Learjet 45XR'),
(95, 192, 'Cessna Citation M2'),
(96, 192, 'Gulfstream G350'),
(97, 192, 'Boeing 747'),
(98, 192, 'Airbus A380'),
(99, 192, 'Boeing 777'),
(100, 192, 'Airbus A320'),
(101, 192, 'Embraer E190'),
(102, 192, 'Bombardier Challenger 300'),
(103, 192, 'Cessna Citation X'),
(104, 192, 'Gulfstream G650'),
(105, 192, 'Boeing 787 Dreamliner'),
(106, 192, 'Airbus A350'),
(107, 192, 'Embraer Phenom 300'),
(108, 192, 'Bombardier Global 7500'),
(109, 192, 'Cessna Citation Longitude'),
(110, 192, 'Gulfstream G550'),
(111, 192, 'Boeing 737'),
(112, 192, 'Airbus A330'),
(113, 192, 'Embraer Legacy 650'),
(114, 192, 'Bombardier Global 6000'),
(115, 192, 'Cessna Citation Sovereign'),
(116, 192, 'Gulfstream G280'),
(117, 192, 'Boeing 767'),
(118, 192, 'Airbus A319'),
(119, 192, 'Embraer Lineage 1000'),
(120, 192, 'Bombardier Challenger 350'),
(121, 192, 'Cessna Citation CJ4'),
(122, 192, 'Gulfstream G450'),
(123, 192, 'Boeing 757'),
(124, 192, 'Airbus A321'),
(125, 192, 'Embraer E175'),
(126, 192, 'Bombardier Learjet 75'),
(127, 192, 'Cessna Citation CJ3+'),
(128, 192, 'Gulfstream G500'),
(129, 192, 'Boeing 717'),
(130, 192, 'Airbus A318'),
(131, 192, 'Embraer E145'),
(132, 192, 'Bombardier Learjet 45XR'),
(133, 192, 'Cessna Citation M2'),
(134, 192, 'Gulfstream G350'),
(135, 192, 'Boeing 747'),
(136, 192, 'Airbus A380'),
(137, 192, 'Boeing 777'),
(138, 192, 'Airbus A320'),
(139, 192, 'Embraer E190'),
(140, 192, 'Bombardier Challenger 300'),
(141, 192, 'Cessna Citation X'),
(142, 192, 'Gulfstream G650'),
(143, 192, 'Boeing 787 Dreamliner'),
(144, 192, 'Airbus A350'),
(145, 192, 'Embraer Phenom 300'),
(146, 192, 'Bombardier Global 7500'),
(147, 192, 'Cessna Citation Longitude'),
(148, 192, 'Gulfstream G550'),
(149, 192, 'Boeing 737'),
(150, 192, 'Airbus A330'),
(151, 192, 'Embraer Legacy 650'),
(152, 192, 'Bombardier Global 6000'),
(153, 192, 'Cessna Citation Sovereign'),
(154, 192, 'Gulfstream G280'),
(155, 192, 'Boeing 767'),
(156, 192, 'Airbus A319'),
(157, 192, 'Embraer Lineage 1000'),
(158, 192, 'Bombardier Challenger 350'),
(159, 192, 'Cessna Citation CJ4'),
(160, 192, 'Gulfstream G450'),
(161, 192, 'Boeing 757'),
(162, 192, 'Airbus A321'),
(163, 192, 'Embraer E175'),
(164, 192, 'Bombardier Learjet 75'),
(165, 192, 'Cessna Citation CJ3+'),
(166, 192, 'Gulfstream G500'),
(167, 192, 'Boeing 717'),
(168, 192, 'Airbus A318'),
(169, 192, 'Embraer E145'),
(170, 192, 'Bombardier Learjet 45XR'),
(171, 192, 'Cessna Citation M2'),
(172, 192, 'Gulfstream G350'),
(173, 192, 'Boeing 747'),
(174, 192, 'Airbus A380'),
(175, 192, 'Boeing 777'),
(176, 192, 'Airbus A320'),
(177, 192, 'Embraer E190'),
(178, 192, 'Bombardier Challenger 300'),
(179, 192, 'Cessna Citation X'),
(180, 192, 'Gulfstream G650'),
(181, 192, 'Boeing 787 Dreamliner'),
(182, 192, 'Airbus A350'),
(183, 192, 'Embraer Phenom 300'),
(184, 192, 'Bombardier Global 7500'),
(185, 192, 'Cessna Citation Longitude'),
(186, 192, 'Gulfstream G550'),
(187, 192, 'Boeing 737'),
(188, 192, 'Airbus A330'),
(189, 192, 'Embraer Legacy 650'),
(190, 192, 'Bombardier Global 6000'),
(191, 192, 'Cessna Citation Sovereign'),
(192, 192, 'Gulfstream G280'),
(193, 192, 'Boeing 767'),
(194, 192, 'Airbus A319'),
(195, 192, 'Embraer Lineage 1000'),
(196, 192, 'Bombardier Challenger 350'),
(197, 192, 'Cessna Citation CJ4'),
(198, 192, 'Gulfstream G450'),
(199, 192, 'Boeing 757'),
(200, 192, 'Airbus A321'),
(201, 192, 'Embraer E175'),
(202, 192, 'Bombardier Learjet 75'),
(203, 192, 'Cessna Citation CJ3+'),
(204, 192, 'Gulfstream G500'),
(205, 192, 'Boeing 717'),
(206, 192, 'Airbus A318'),
(207, 192, 'Embraer E145'),
(208, 192, 'Bombardier Learjet 45XR'),
(209, 192, 'Cessna Citation M2'),
(210, 192, 'Gulfstream G350'),
(211, 192, 'Boeing 737'),
(212, 192, 'Airbus A320'),
(213, 192, 'Embraer E190'),
(214, 192, 'Bombardier Challenger 300'),
(215, 192, 'Cessna Citation X'),
(216, 192, 'Gulfstream G650'),
(217, 192, 'Boeing 787 Dreamliner'),
(218, 192, 'Airbus A350'),
(219, 192, 'Embraer Phenom 300'),
(220, 192, 'Bombardier Global 7500'),
(221, 192, 'Cessna Citation Longitude'),
(222, 192, 'Gulfstream G550'),
(223, 192, 'Boeing 747'),
(224, 192, 'Airbus A380'),
(225, 192, 'Embraer Legacy 650'),
(226, 192, 'Bombardier Global 6000'),
(227, 192, 'Cessna Citation Sovereign'),
(228, 192, 'Gulfstream G280'),
(229, 192, 'Boeing 767'),
(230, 192, 'Airbus A330'),
(231, 192, 'Embraer Lineage 1000'),
(232, 192, 'Bombardier Challenger 350'),
(233, 192, 'Cessna Citation CJ4'),
(234, 192, 'Gulfstream G450'),
(235, 192, 'Boeing 757'),
(236, 192, 'Airbus A321'),
(237, 192, 'Embraer E175'),
(238, 192, 'Bombardier Learjet 75'),
(239, 192, 'Cessna Citation CJ3+'),
(240, 192, 'Gulfstream G500'),
(241, 192, 'Boeing 717'),
(242, 192, 'Airbus A319'),
(243, 192, 'Embraer E145'),
(244, 192, 'Bombardier Learjet 45XR'),
(245, 192, 'Cessna Citation M2'),
(246, 192, 'Gulfstream G350'),
(247, 192, 'Boeing 777'),
(248, 192, 'Airbus A330neo'),
(249, 192, 'Embraer Praetor 600'),
(250, 192, 'Bombardier Challenger 650'),
(251, 192, 'Cessna Citation Latitude'),
(252, 192, 'Gulfstream G700'),
(253, 192, 'Boeing 737'),
(254, 192, 'Airbus A320'),
(255, 192, 'Embraer E190'),
(256, 192, 'Bombardier Challenger 300'),
(257, 192, 'Cessna Citation X'),
(258, 192, 'Gulfstream G650'),
(259, 192, 'Boeing 787 Dreamliner'),
(260, 192, 'Airbus A350'),
(261, 192, 'Embraer Phenom 300'),
(262, 192, 'Bombardier Global 7500'),
(263, 192, 'Cessna Citation Longitude'),
(264, 192, 'Gulfstream G550'),
(265, 192, 'Boeing 747'),
(266, 192, 'Airbus A380'),
(267, 192, 'Embraer Legacy 650'),
(268, 192, 'Bombardier Global 6000'),
(269, 192, 'Cessna Citation Sovereign'),
(270, 192, 'Gulfstream G280'),
(271, 192, 'Boeing 767'),
(272, 192, 'Airbus A330'),
(273, 192, 'Embraer Lineage 1000'),
(274, 192, 'Bombardier Challenger 350'),
(275, 192, 'Cessna Citation CJ4'),
(276, 192, 'Gulfstream G450'),
(277, 192, 'Boeing 757'),
(278, 192, 'Airbus A321'),
(279, 192, 'Embraer E175'),
(280, 192, 'Bombardier Learjet 75'),
(281, 192, 'Cessna Citation CJ3+'),
(282, 192, 'Gulfstream G500'),
(283, 192, 'Boeing 717'),
(284, 192, 'Airbus A319'),
(285, 192, 'Embraer E145'),
(286, 192, 'Bombardier Learjet 45XR'),
(287, 192, 'Cessna Citation M2'),
(288, 192, 'Gulfstream G350'),
(289, 192, 'Boeing 777'),
(290, 192, 'Airbus A330neo'),
(291, 192, 'Embraer Praetor 600'),
(292, 192, 'Bombardier Challenger 650'),
(293, 192, 'Cessna Citation Latitude'),
(294, 192, 'Gulfstream G700'),
(295, 192, 'Boeing 737'),
(296, 192, 'Airbus A320'),
(297, 192, 'Embraer E190'),
(298, 192, 'Bombardier Challenger 300'),
(299, 192, 'Cessna Citation X'),
(300, 192, 'Gulfstream G650'),
(301, 192, 'Boeing 787 Dreamliner'),
(302, 192, 'Airbus A350'),
(303, 192, 'Embraer Phenom 300'),
(304, 192, 'Bombardier Global 7500'),
(305, 192, 'Cessna Citation Longitude'),
(306, 192, 'Gulfstream G550'),
(307, 192, 'Boeing 747'),
(308, 192, 'Airbus A380'),
(309, 192, 'Embraer Legacy 650'),
(310, 192, 'Bombardier Global 6000'),
(311, 192, 'Cessna Citation Sovereign'),
(312, 192, 'Gulfstream G280'),
(313, 192, 'Boeing 767'),
(314, 192, 'Airbus A330'),
(315, 192, 'Embraer Lineage 1000'),
(316, 192, 'Bombardier Challenger 350'),
(317, 192, 'Cessna Citation CJ4'),
(318, 192, 'Gulfstream G450'),
(319, 192, 'Boeing 757'),
(320, 192, 'Airbus A321'),
(321, 192, 'Embraer E175'),
(322, 192, 'Bombardier Learjet 75'),
(323, 192, 'Cessna Citation CJ3+'),
(324, 192, 'Gulfstream G500'),
(325, 192, 'Boeing 717'),
(326, 192, 'Airbus A319'),
(327, 192, 'Embraer E145'),
(328, 192, 'Bombardier Learjet 45XR'),
(329, 192, 'Cessna Citation M2'),
(330, 192, 'Gulfstream G350'),
(331, 192, 'Boeing 777'),
(332, 192, 'Airbus A330neo'),
(333, 192, 'Embraer Praetor 600'),
(334, 192, 'Bombardier Challenger 650'),
(335, 192, 'Cessna Citation Latitude'),
(336, 192, 'Gulfstream G700');

--
-- Dökümü yapılmış tablolar için indeksler
--

--
-- Tablo için indeksler `havalimani`
--
ALTER TABLE `havalimani`
  ADD PRIMARY KEY (`havalimani_id`),
  ADD KEY `sehir_id` (`sehir_id`);

--
-- Tablo için indeksler `hizmetler`
--
ALTER TABLE `hizmetler`
  ADD PRIMARY KEY (`hizmet_id`);

--
-- Tablo için indeksler `koltuklar`
--
ALTER TABLE `koltuklar`
  ADD PRIMARY KEY (`koltuk_no`);

--
-- Tablo için indeksler `kullanici`
--
ALTER TABLE `kullanici`
  ADD PRIMARY KEY (`kullanici_id`),
  ADD KEY `kullanici_tip_id` (`kullanici_tip_id`),
  ADD KEY `meslek_id` (`meslek_id`);

--
-- Tablo için indeksler `kullanici_tipi`
--
ALTER TABLE `kullanici_tipi`
  ADD PRIMARY KEY (`tip_id`);

--
-- Tablo için indeksler `log_kaydi`
--
ALTER TABLE `log_kaydi`
  ADD PRIMARY KEY (`log_kaydi_id`),
  ADD KEY `kullanici_id` (`kullanici_id`);

--
-- Tablo için indeksler `meslek`
--
ALTER TABLE `meslek`
  ADD PRIMARY KEY (`meslek_id`);

--
-- Tablo için indeksler `personel`
--
ALTER TABLE `personel`
  ADD PRIMARY KEY (`personel_id`),
  ADD KEY `personel_tur_id` (`personel_tur_id`,`sirket_id`),
  ADD KEY `sirket_id` (`sirket_id`);

--
-- Tablo için indeksler `personel_turleri`
--
ALTER TABLE `personel_turleri`
  ADD PRIMARY KEY (`personel_tur_id`);

--
-- Tablo için indeksler `satin_alim`
--
ALTER TABLE `satin_alim`
  ADD PRIMARY KEY (`satin_alim_id`),
  ADD KEY `sefer_id` (`sefer_id`,`koltuk_no`,`hizmet_id`,`kullanici_id`),
  ADD KEY `hizmet_id` (`hizmet_id`),
  ADD KEY `koltuk_no` (`koltuk_no`),
  ADD KEY `kullanici_id` (`kullanici_id`);

--
-- Tablo için indeksler `seferler`
--
ALTER TABLE `seferler`
  ADD PRIMARY KEY (`sefer_id`),
  ADD KEY `kalkis_yeri_id` (`kalkis_yeri_id`,`varis_yeri_id`),
  ADD KEY `ucak_id` (`ucak_id`),
  ADD KEY `varis_yeri_id` (`varis_yeri_id`);

--
-- Tablo için indeksler `sehirler`
--
ALTER TABLE `sehirler`
  ADD PRIMARY KEY (`sehir_id`);

--
-- Tablo için indeksler `sirketler`
--
ALTER TABLE `sirketler`
  ADD PRIMARY KEY (`sirket_id`);

--
-- Tablo için indeksler `ucak`
--
ALTER TABLE `ucak`
  ADD PRIMARY KEY (`ucak_id`),
  ADD KEY `sirket_id` (`sirket_id`),
  ADD KEY `ucak_model_id` (`ucak_model_id`);

--
-- Tablo için indeksler `ucak_koltuk`
--
ALTER TABLE `ucak_koltuk`
  ADD KEY `ucak_id` (`ucak_id`),
  ADD KEY `koltuk_no` (`koltuk_no`);

--
-- Tablo için indeksler `ucak_model`
--
ALTER TABLE `ucak_model`
  ADD PRIMARY KEY (`ucak_model_id`);

--
-- Dökümü yapılmış tablolar için AUTO_INCREMENT değeri
--

--
-- Tablo için AUTO_INCREMENT değeri `havalimani`
--
ALTER TABLE `havalimani`
  MODIFY `havalimani_id` int(11) NOT NULL AUTO_INCREMENT, AUTO_INCREMENT=64;

--
-- Tablo için AUTO_INCREMENT değeri `hizmetler`
--
ALTER TABLE `hizmetler`
  MODIFY `hizmet_id` int(11) NOT NULL AUTO_INCREMENT, AUTO_INCREMENT=6;

--
-- Tablo için AUTO_INCREMENT değeri `kullanici`
--
ALTER TABLE `kullanici`
  MODIFY `kullanici_id` int(11) NOT NULL AUTO_INCREMENT, AUTO_INCREMENT=56;

--
-- Tablo için AUTO_INCREMENT değeri `kullanici_tipi`
--
ALTER TABLE `kullanici_tipi`
  MODIFY `tip_id` int(11) NOT NULL AUTO_INCREMENT, AUTO_INCREMENT=6;

--
-- Tablo için AUTO_INCREMENT değeri `log_kaydi`
--
ALTER TABLE `log_kaydi`
  MODIFY `log_kaydi_id` int(11) NOT NULL AUTO_INCREMENT, AUTO_INCREMENT=44;

--
-- Tablo için AUTO_INCREMENT değeri `meslek`
--
ALTER TABLE `meslek`
  MODIFY `meslek_id` int(11) NOT NULL AUTO_INCREMENT, AUTO_INCREMENT=241;

--
-- Tablo için AUTO_INCREMENT değeri `personel`
--
ALTER TABLE `personel`
  MODIFY `personel_id` int(11) NOT NULL AUTO_INCREMENT, AUTO_INCREMENT=81;

--
-- Tablo için AUTO_INCREMENT değeri `personel_turleri`
--
ALTER TABLE `personel_turleri`
  MODIFY `personel_tur_id` int(11) NOT NULL AUTO_INCREMENT, AUTO_INCREMENT=5;

--
-- Tablo için AUTO_INCREMENT değeri `satin_alim`
--
ALTER TABLE `satin_alim`
  MODIFY `satin_alim_id` int(11) NOT NULL AUTO_INCREMENT, AUTO_INCREMENT=56;

--
-- Tablo için AUTO_INCREMENT değeri `seferler`
--
ALTER TABLE `seferler`
  MODIFY `sefer_id` int(11) NOT NULL AUTO_INCREMENT, AUTO_INCREMENT=16;

--
-- Tablo için AUTO_INCREMENT değeri `sehirler`
--
ALTER TABLE `sehirler`
  MODIFY `sehir_id` int(11) NOT NULL AUTO_INCREMENT, AUTO_INCREMENT=75;

--
-- Tablo için AUTO_INCREMENT değeri `sirketler`
--
ALTER TABLE `sirketler`
  MODIFY `sirket_id` int(11) NOT NULL AUTO_INCREMENT, AUTO_INCREMENT=6;

--
-- Tablo için AUTO_INCREMENT değeri `ucak`
--
ALTER TABLE `ucak`
  MODIFY `ucak_id` int(11) NOT NULL AUTO_INCREMENT, AUTO_INCREMENT=31;

--
-- Tablo için AUTO_INCREMENT değeri `ucak_model`
--
ALTER TABLE `ucak_model`
  MODIFY `ucak_model_id` int(11) NOT NULL AUTO_INCREMENT, AUTO_INCREMENT=337;

--
-- Dökümü yapılmış tablolar için kısıtlamalar
--

--
-- Tablo kısıtlamaları `havalimani`
--
ALTER TABLE `havalimani`
  ADD CONSTRAINT `havalimani_ibfk_1` FOREIGN KEY (`sehir_id`) REFERENCES `sehirler` (`sehir_id`);

--
-- Tablo kısıtlamaları `kullanici`
--
ALTER TABLE `kullanici`
  ADD CONSTRAINT `kullanici_ibfk_1` FOREIGN KEY (`kullanici_tip_id`) REFERENCES `kullanici_tipi` (`tip_id`),
  ADD CONSTRAINT `kullanici_ibfk_2` FOREIGN KEY (`meslek_id`) REFERENCES `meslek` (`meslek_id`);

--
-- Tablo kısıtlamaları `log_kaydi`
--
ALTER TABLE `log_kaydi`
  ADD CONSTRAINT `log_kaydi_ibfk_1` FOREIGN KEY (`kullanici_id`) REFERENCES `kullanici` (`kullanici_id`);

--
-- Tablo kısıtlamaları `personel`
--
ALTER TABLE `personel`
  ADD CONSTRAINT `personel_ibfk_1` FOREIGN KEY (`sirket_id`) REFERENCES `sirketler` (`sirket_id`);

--
-- Tablo kısıtlamaları `personel_turleri`
--
ALTER TABLE `personel_turleri`
  ADD CONSTRAINT `personel_turleri_ibfk_1` FOREIGN KEY (`personel_tur_id`) REFERENCES `personel` (`personel_tur_id`);

--
-- Tablo kısıtlamaları `satin_alim`
--
ALTER TABLE `satin_alim`
  ADD CONSTRAINT `satin_alim_ibfk_1` FOREIGN KEY (`hizmet_id`) REFERENCES `hizmetler` (`hizmet_id`),
  ADD CONSTRAINT `satin_alim_ibfk_2` FOREIGN KEY (`sefer_id`) REFERENCES `seferler` (`sefer_id`),
  ADD CONSTRAINT `satin_alim_ibfk_3` FOREIGN KEY (`koltuk_no`) REFERENCES `koltuklar` (`koltuk_no`),
  ADD CONSTRAINT `satin_alim_ibfk_4` FOREIGN KEY (`kullanici_id`) REFERENCES `kullanici` (`kullanici_id`);

--
-- Tablo kısıtlamaları `seferler`
--
ALTER TABLE `seferler`
  ADD CONSTRAINT `seferler_ibfk_1` FOREIGN KEY (`kalkis_yeri_id`) REFERENCES `havalimani` (`havalimani_id`),
  ADD CONSTRAINT `seferler_ibfk_2` FOREIGN KEY (`varis_yeri_id`) REFERENCES `havalimani` (`havalimani_id`),
  ADD CONSTRAINT `seferler_ibfk_3` FOREIGN KEY (`ucak_id`) REFERENCES `ucak` (`ucak_id`);

--
-- Tablo kısıtlamaları `ucak`
--
ALTER TABLE `ucak`
  ADD CONSTRAINT `ucak_ibfk_1` FOREIGN KEY (`sirket_id`) REFERENCES `sirketler` (`sirket_id`),
  ADD CONSTRAINT `ucak_ibfk_2` FOREIGN KEY (`ucak_model_id`) REFERENCES `ucak_model` (`ucak_model_id`);

--
-- Tablo kısıtlamaları `ucak_koltuk`
--
ALTER TABLE `ucak_koltuk`
  ADD CONSTRAINT `ucak_koltuk_ibfk_1` FOREIGN KEY (`ucak_id`) REFERENCES `ucak` (`ucak_id`),
  ADD CONSTRAINT `ucak_koltuk_ibfk_2` FOREIGN KEY (`koltuk_no`) REFERENCES `koltuklar` (`koltuk_no`);
COMMIT;

/*!40101 SET CHARACTER_SET_CLIENT=@OLD_CHARACTER_SET_CLIENT */;
/*!40101 SET CHARACTER_SET_RESULTS=@OLD_CHARACTER_SET_RESULTS */;
/*!40101 SET COLLATION_CONNECTION=@OLD_COLLATION_CONNECTION */;
